TV detail,TV State,TV Price
Shop on eBay,Brand New,$20.00
"New Panasonic TX-50LX650BZ 50"" SMART 4K Ultra HD HDR Android LED TV",Brand new,Â£449.99
"TCL 50P638K 50"" 4K Ultra HD Smart Android TV",Brand new,Â£279.00
"LG 32LQ63006LA 32"" Full 1080p HD Active HDR LED Smart TV",Brand new,Â£209.00
Hisense A6B 43 Inch 4K Smart TV with Freeview Play 43A6BGTUK,Brand new,Â£329.00
"Samsung UE43BU8000KXXU 43"" Crystal 4K Ultra HD HDR Smart TV - 5 Year Warranty",Brand new,Â£379.00
"Polaroid P32RAM1071U 32"" SMART HD Ready LED Android TV Freeview Play",Certified - Refurbished,Â£129.99
"Samsung UE55BU8000KXXU 55"" 4K Ultra HD Smart HDR TV 2022 - Free 5 Year Warranty",Brand new,Â£449.00
"Polaroid P32RAM1071U 32"" SMART HD Ready LED Android TV Freeview Play",Certified - Refurbished,Â£129.99
Hisense Roku 43 Inch R43A7200UK Smart 4K HDR LED Freeview HD TV,Excellent - Refurbished,Â£199.99
"TCL 32RS520K Roku 32"" Smart HD Ready LED TV",Very Good - Refurbished,Â£139.99
"JVC LT-40C590 40"" Full HD 1080p LED TV - Black ",Very Good - Refurbished,Â£159.99
"JVC LT-40CA790 Android TV 40"" Smart Full HD LED TV with Google Assistant",Very Good - Refurbished,Â£189.99
"SAMSUNG UE32T4300AKXXU 32"" Smart HD Ready HDR LED TV",Very Good - Refurbished,Â£159.99
"JVC LT-32CA690 Android TV 32"" Smart HD Ready LED TV with Google Assistant",Very Good - Refurbished,Â£139.99
Sharp 1T-C24BC0KR1FB 24 Inch Smart HD Ready LED TV Freeview Play,Certified - Refurbished,Â£109.99
Sharp 32BI3K 32 inch Smart LED TV HD Ready Android TV Freeview Play,Brand new,Â£149.00
Hisense A6B 50 Inch 4K Smart TV with Freeview Play 50A6BGTUK,Brand new,Â£399.00
"Hisense A6BG 43A6BGTUK 43"" Smart 4K Ultra HD TV - Dolby Vision HDR",Brand new,Â£279.00
"Samsung UE50TU7020 50"" Crystal UHD 4K HDR Smart TV",Brand new,Â£419.00
Finlux 50in 4K UHD Android Smart LED TV FL50AN4K,Brand new,Â£319.97
"LG 43UQ75006LF 43"" 4k UHD HDR Smart TV",Brand new,Â£349.00
"JVC LT-40C590 40"" Full HD 1080p LED TV - Black ",Very Good - Refurbished,Â£159.99
"TCL 32RS520K Roku 32"" Smart HD Ready LED TV",Very Good - Refurbished,Â£139.99
"LG 55UQ75006LF 55"" 4k UHD HDR Smart TV",Brand new,Â£459.00
FERGUSON 43â€ inch FULL HD SMART FIRE TV With Alexa Voice Remote & Freeview Play ,Brand new,Â£249.99
Hisense Roku 43 Inch R43A7200UK Smart 4K HDR LED Freeview HD TV,Excellent - Refurbished,Â£199.99
Toshiba 65UK3C63DB 65 Inch LED 4K Ultra HD Smart TV Bluetooth WiFi,Brand new,Â£436.00
Samsung QE50Q60B 50 Inch QLED 4K Quantum HDR Smart TV,Brand new,Â£549.00
DigiHome 39 Inch Freeview HD Ready Smart TV 39505HDSM,Brand new,Â£189.97
lg 42 inch smart tv,Pre-owned,Â£94.00
LG UQ75 43 Inch LED 4K Smart TV 43UQ75006LF,Brand new,Â£349.00
Samsung T5300 32 Inch Full HD HDR Smart LED TV UE32T5300CKXXU,Brand new,Â£229.00
"Samsung UE43BU8500 43"" 4K Ultra HD Smart TV",Brand new,Â£439.00
"New Panasonic TX-32JS360B 32"" SMART Full HD HDR LED TV Voice Control Compatible",Brand new,Â£219.99
New listingLG 75UP77006LB Smart 4K UHD HDR LED Freeview TV,Pre-owned,Â£275.00
LG UQ75 50 Inch LED 4K Smart TV 50UQ75006LF,Brand new,Â£499.00
"Sharp 40"" Inch Full HD 1080p Smart LED TV - Netflix - Freeview Play - 40CI1EA",Opened â€“ never used,Â£229.00
SAMSUNG AA59-00582A REMOTE CONTROL REPLACEMENT SMART TV LCD LED PLASMA BRAND NEW,Brand new,Â£5.99
"JVC LT-40CA790 Android TV 40"" Smart Full HD LED TV with Google Assistant",Very Good - Refurbished,Â£189.99
"Sharp 42"" Full HD 1080p Smart LED TV Full HD 1080p - Freeview Play - Netflix",Opened â€“ never used,Â£249.95
Samsung UE55TU7020KXXU 55 Inch Smart 4K Ultra HD HDR LED TV,Brand new,Â£499.00
"T4tec TT32WEB21K 32"" Smart TV with webOS and Magic Remote",Brand new,Â£159.00
Finlux 55 inch 4K UHD Smart TV with Freeview HD & Freeview Play  FL55AN4K,Brand new,Â£329.96
New listingLG TV 42LF561V,Pre-owned,Â£25.00
Hisense A4 32 Inch HD Ready Smart TV with Freeview Play 32A4BGTUK,Brand new,Â£199.99
"LG 50UQ75006LF 50"" 4k UHD HDR Smart TV",Brand new,Â£419.00
TCL 43P72K 43 inch TV 4K Ultra HD Smart TV Powered by Android,Brand new,Â£269.00
Hisense A4B 40 Inch Full HD Smart TV with Freeview Play 40A4BGTUK,Brand new,Â£239.97
TCL QLED 50C725K 50 Inch Smart 4K Ultra HD TV,Brand new,Â£360.00
"Hisense 55U7HQTUK 55"" 4K Smart UHD HDR ULED TV with Alexa & Google Assistant ",Brand new,Â£569.00
"Hisense 55E7HQTUK 55"" Smart 4K Ultra HD HDR QLED TV",Brand new,Â£479.00
New listingSony  Trinitron crt tv 29 Inch Kv-2982U  Remote And Long Power Cable,Pre-owned,Â£200.00
"Qantec 55"" Smart TV with Android TV Full Ultra HD With Freeview HD - QT5523DLEDS",Brand new,Â£299.00
"LG 32LQ630B6LA 32"" HDR HD Ready Smart TV",Brand new,Â£199.00
Hisense 50A6BGTUK 50 Inch LED 4K Ultra HD Smart TV Yes HDMI Dolby Vision,Brand new,Â£306.00
"Samsung UE43TU7020 43"" Crystal UHD 4K HDR Smart TV",Brand new,Â£359.00
"SAMSUNG UE32T4300AKXXU 32"" Smart HD Ready HDR LED TV",Very Good - Refurbished,Â£159.99
"Samsung UE50BU8000KXXU 50"" 4K Ultra HD HDR Smart BU8000 LED TV (2022)",Brand new,Â£419.00
"LG 50UQ80006LB 50"" 4K Ultra HD HDR UQ80 Smart TV 2022",Brand new,Â£399.00
"Philips 50PUS8556-12 50"" 4K Ultra HD Android TV with Ambilight",Brand new,Â£479.00
"New listingSamsung 60"" HD Smart TV",Pre-owned,Â£99.00
Finlux 43in Full HD Android Smart LED TV FL43AN72,Brand new,Â£217.96
Toshiba 55UK3C63DB 55 Inch LED 4K Ultra HD Smart TV Bluetooth WiFi,Brand new,Â£336.00
"New Panasonic TX-43LX650BZ 43"" SMART 4K Ultra HD HDR LED Android TV Chromecast",Brand new,Â£349.99
CELLO 14â€³ Digital TV 12v 240v PORTABLE CARAVAN TV Freeview HD RECHARGEABLE NEW,Brand new,Â£89.99
Hisense 55A7200GTUK 55 inch 4K Ultra HD HDR Smart LED TV Freeview Play,Brand new,Â£349.00
"Hisense 32A4BGTUK 32"" Smart HD Ready LED TV",Brand new,Â£179.00
Hisense 50E7HQTUK 50inch Smart 4K Ultra HD HDR QLED TV,Brand new,Â£439.00
"LG 43UP75006LF 43 inch 4K UHD HDR Smart LED TV with Freeview Play, Disney+ Alexa",Opened â€“ never used,Â£235.00
"Sharp 50BJ5K 50"" Ultra HD 4K HDR Smart TV with Freeview Play Active Motion 400",Brand new,Â£299.99
"Samsung QE55Q60BAUXXU 55"" Smart 4K Ultra HD HDR QLED TV - Free 5 Year Warranty",Brand new,Â£615.00
DigiHome 43 Inch  Full HD Freeview Smart TV 43551FHDSM,Brand new,Â£229.97
"Toshiba 55UK3163DB 55"" Smart 4K TV 55UK3163DB",Brand new,Â£369.96
"Akai AK247006LA 24"" HD LED Android Smart TV with Freeview HD",Brand new,Â£149.00
DigiHome 65 Inch 4K Dolby Vision HDR Freeview Smart TV 65292UHDHDR-A,Brand new,Â£482.92
"JVC LT-32CA120 Android TV 32"" Smart HD Ready HDR LED TV with Google Assistant",Opened â€“ never used,Â£169.00
Samsung BU8000 50 Inch 4K HDR Smart TV UE50BU8000KXXU,Brand new,Â£449.97
"Hisense 55A6BGTUK A6BG 55"" Smart 4K TV with Dolby Vision",Brand new,Â£379.00
LG UQ75 55 Inch LED 4K Smart TV 55UQ75006LF,Brand new,Â£429.00
"Philips TV 43PUS7906-12 4K Ultra HD 43"" Android Smart TV",Brand new,Â£379.00
"LG 43UP75006LF 43"" 4K Smart UHD TV with Amazon Alexa",Brand new,Â£349.00
"New listingTCL 40RS520K Roku 40"" Smart Full HD HDR LED TV",Opened â€“ never used,Â£199.00
"Samsung UE55TU7020 55"" Crystal UHD 4K HDR Smart TV",Brand new,Â£499.00
"LG 75UQ80006LB 75"" 4K Ultra HD HDR Smart LED TV 2022",Brand new,Â£799.00
Samsung Q60B 55 Inch QLED 4K Quantum HDR Smart TV QE55Q60BAUXXU,Brand new,Â£629.97
Hisense 40A4BGTUK 40 Inch LED 720p HD Ready Smart TV WiFi,Brand new,Â£206.00
"LG 55UQ80006LB 55"" 4K Ultra HD HDR Smart LED TV 2022",Brand new,Â£449.00
"Samsung UE43TU7020 43"" Ultra HD Crystal UHD Smart 4K HDR TV Free 5 Year Warranty",Brand new,Â£339.00
Hisense 55A6BGTUK 55 Inch LED 4K Ultra HD Smart TV Yes HDMI Dolby Vision,Brand new,Â£336.00
Finlux 43in 4K UHD Android Smart LED TV FL43AN4K,Brand new,Â£249.97
"JVC LT-32CA690 Android TV 32"" Smart HD Ready LED TV with Google Assistant",Very Good - Refurbished,Â£139.99
"JVC LT-32CA690 ANDROID TV 32"" SMART HD READY LED WIFI TV GOOGLE ASSISTANT HDMI",Opened â€“ never used,Â£139.97
"Digihome PTDR24FHDS2 24"" SMART HD Ready HDR LED TV FreeviewPlay C Grade No Stand",Pre-owned,Â£76.99
Samsung AU7100 43 Inch 4K HDR Smart TV UE43AU7100KXXU,Brand new,Â£379.96
"CELLO 40 inch LED TV BUILT IN DVD PLAYER FULL HD 1080P FREEVIEW HD 3 x HDMI,USB",Brand new,Â£209.99
"Hisense 50A6BGTUK 50"" A6BG 4K Ultra HD Smart TV with Dolby Vision (2022)",Brand new,Â£298.00
Sharp 1T-C24BC0KR1FB 24 Inch Smart HD Ready LED TV Freeview Play,Certified - Refurbished,Â£109.99
Samsung Q60B 65 Inch QLED 4K Quantum HDR Smart TV QE65Q60BAUXXU,Brand new,Â£829.00
"Sharp 32EE4K 32"" HD Ready Smart TV HARMAN/KARDON Speaker System 3 HDMI inputs",Brand new,Â£159.99
Samsung N4300 24 Inch HD Ready Smart LED TV UE24N4300AKXXU,Brand new,Â£158.99
"Samsung UE24N4300AK 24"" HD HDR Smart LED TV",Brand new,Â£179.00
New listingSmart TV 55 Inch,Pre-owned,Â£120.00
"LG 55UQ75006LF 55"" 4K Ultra HD HDR LED Smart TV",Brand new,Â£429.00
Bush 24 Inch HD Ready Smart ELED HDR TV / DVD Combi Built in Wi-Fi - Black *New*,Brand new,Â£164.95
"Panasonic TX-32JS360B (2021) 32"" SMART Full HD HDR LED TV Freeview Play",Certified - Refurbished,Â£155.54
"Samsung UE43AU7100 43"" UHD 4K HDR Smart TV",Brand new,Â£379.00
"Samsung UE65BU8000 65"" Crystal UHD 4K HDR Smart TV",Brand new,Â£649.00
Toshiba WK3C 32 Inch 2K Dual Core Processor Smart TV 32WK3C63DB,Brand new,Â£178.96
Techwood 50AO11UHD 50 Inch LED 4K Ultra HD Smart TV Dolby Vision WiFi,Brand new,Â£276.00
Samsung UE50AU9000 50 Inch LED 4K Ultra HD Smart TV Bluetooth WiFi,Brand new,Â£406.00
New listingsky glass 65â€ tv,Pre-owned,Â£193.00
"50"" Sony KDL50W829BBU Full HD 1080p Freeview HD LED Smart 3D TV''HUGE SALE ''",Pre-owned,Â£149.99
Samsung UE75TU7020 75 Inch LED 4K Ultra HD Smart TV,Brand new,Â£856.00
"JVC LT-40CF700 Fire TV Edition 40"" Smart Full HD LED TV with Amazon Alexa",Very Good - Refurbished,Â£199.99
"LG NanoCell 55NANO766QA NANO76 55"" HDR 4K Smart TV",Brand new,Â£579.00
"New listingPanasonic Viera TX-P42V10B 42"" FULL HD 1080P Plasma TV with FREESAT HD& FREEVIEW",Pre-owned,Â£35.00
"New listingHisense 32A4BGTUK 32"" HD Ready LED Smart TV - Black",Opened â€“ never used,Â£78.00
New listingSamsung QE65Q6FNATXXU 65 4K QLED Television Smart TV,Pre-owned,Â£50.00
"Sharp 32EA2K 32"" HD Ready TV HD Ready TV HARMAN/KARDON Speaker System",Brand new,Â£149.99
Altimo 5022UHDSM 5022UHDSM 4K Ultra HD Smart D-LED TV,Brand new,Â£299.00
DigiHome 50 Inch 4K HDR Freeview HD Surround Sound Smart TV 50292UHDHDR,Brand new,Â£297.96
CELLO 40â€ Inch Smart Android TV  1080P Google Assistant and Freeview Play 3 HDMI,Brand new,Â£219.99
"Samsung QE43Q60B 43"" QLED 4K Quantum HDR Smart TV",Brand new,Â£549.00
"Samsung UE75TU7020 75"" Crystal 4K Ultra HD HDR Smart TV - Free 5 Year Warranty",Brand new,Â£879.00
"Samsung UE55BU8500 55"" 4K Ultra HD Smart TV",Brand new,Â£549.00
"JVC LT-24CA120 Android TV 24"" Smart HD Ready HDR LED TV with Google Assistant",Very Good - Refurbished,Â£119.99
"New listing43"" JVC LT-43CA790 Full HD Freeview Play Android Smart LED TV''BARGAIN PRICE''",Pre-owned,Â£129.99
"LG 43UQ75006LF 43"" 4K Smart UHD TV",Brand new,Â£349.00
New listing2018 Samsung QE55Q9FNAT 55 Smart 4k Ultra HD HDR QLED TV,Pre-owned,Â£400.00
"LG OLED42C24LA 42"" 4K Smart OLED TV with webOS",Brand new,Â£899.00
"Hisense 32A4BGTUK 32"" Smart TV with Freeview Play",Brand new,Â£195.00
"CELLO 24"" INCH 12v TV SMART TRAVELLER TV ANDROID WITH WIFI 12 VOLT CARAVAN TV",Brand new,Â£189.99
"JVC LT-32C705 32"" Smart Full HD HDR LED TV with Built-in DVD Player",Very Good - Refurbished,Â£174.99
Toshiba Fire 50 Inch 50UF3D53DB 4K UHD HDR LED Freeview TV (NEW AND SEALED ),Brand new,Â£249.00
Hisense 58A6BGTUK 58 Inch LED 4K Ultra HD Smart TV Yes HDMI Dolby Vision,Brand new,Â£386.00
"Sharp 1T-C32BC2KH1FB 32"" Inch HD Ready Smart LED TV with Freeview HD - Black",Brand new,Â£179.99
"LG NanoCell 65NANO766QA NANO76 65"" HDR 4K Smart TV",Brand new,Â£729.00
"LG 55UQ75006LF 55"" 4K Smart UHD TV",Brand new,Â£449.00
"Sharp 24EE4KD 24"" HD Ready Smart TV/DVD Combi Built-in DVD player 3 HDMI inputs",Brand new,Â£159.99
DigiHome 32 Inch Freeview HD Ready Smart TV 32551SM,Brand new,Â£157.96
"New listingPhlips 43"" Tv",Pre-owned,Â£79.00
"EMtronics 32"" Inch HD Ready 720p LED TV with Built-in DVD Player and Freeview HD",Brand new,Â£159.95
New listingloewe tv Individual 46 3D,Pre-owned,Â£100.00
"55"" JVC LT-55CF810 4K HDR Smart LED Fire TV Edition With Amazon Alexa''Reduced''",Pre-owned,Â£149.99
New listingSamsung 40 Inch Tv,Pre-owned,Â£35.00
TCL 58P638K 58 Inch LED 4K Ultra HD Smart TV Dolby Vision Bluetooth WiFi,Brand new,Â£336.00
New listingJVC TV 4K android TV 55 Inch,Pre-owned,Â£69.00
Samsung BU8000 43 Inch 4K HDR Smart TV UE43BU8000KXXU,Brand new,Â£399.00
"Immaculate Conditions Samsung 40"" UE40ES6300U Series 6 SMART 3D Full HD LED TV",Pre-owned,Â£90.00
New listingToshiba 22 inch 22D1334B Full HD  TV with Built-in DVD Freeview,Pre-owned,Â£69.99
"Samsung UE65BU8500 65"" 4K Ultra HD Smart TV",Brand new,Â£729.00
"Sharp 24"" 12v/24v Smart TV Caravan, Truck, Freeview Play, Satellite, Saorviewâ€¦",Brand new,Â£219.99
"New listingLG 49NANO866NA 49"" 4K NanoCell Smart TVÂ - [Energy Class A+] - Great Condition",Pre-owned,Â£152.00
"Samsung UE50BU8500KXXU 50"" BU8500 Crystal Ultra HD 4K HDR Smart TV 2022",Brand new,Â£459.00
"Altimo 5522UHDSM 55"" Ultra HD 4K HDR D-LED Smart TV",Brand new,Â£349.00
New listingsamsung tv,Pre-owned,Â£100.00
New listingPanasonic  TX-L42ET5b 42 INCH Full HD 1080p Smart 3D LED TV,Opened â€“ never used,Â£179.99
CELLO 43â€ Inch Smart Android TV with Google Assistant & Freeview Play 3 x HDMI ,Brand new,Â£229.99
Samsung QE65LS03AA 65â€ The Frame Art Mode QLED 4K HDR Smart TV,Brand new,Â£999.00
"Altimo 3222HDSM 32"" 720P HD HDR D-LED Smart TV",Brand new,Â£169.00
"Toshiba 32WK3C63DB 32"" SMART HD Ready HDR LED TV Freeview Play Alexa",Certified - Refurbished,Â£135.99
"LG 65UQ80006LB 65"" 4K Ultra HD UQ80 HDR Smart LED TV",Brand new,Â£579.00
New listingSamsung Frame TV 55 inch QLED 4K- white,Pre-owned,Â£399.00
New listinglg 42 inch smart tv,Parts only,Â£24.00
LG NANO76 NanoCell 50 Inch 4K HDR Smart TV 50NANO766QA,Brand new,Â£479.00
Sharp Freeview/Netflix LC-40CFG6021K colour lcd tv inc remote control,Pre-owned,Â£49.00
New listingpanasonic tvCharity item,Pre-owned,Â£10.00
"LG OLED48C26LB 48"" 4K Smart OLED TV",Brand new,Â£998.00
"FERGUSON 19"" INCH SMART TV 12v VOLT FREEVIEW HD WIFI HDMi USB CARAVAN TV",Brand new,Â£159.99
"New listingLG 32LQ63006LA 32"" Smart WebOS 1080p LED TV Wi-Fi Freeview & Freesat HD Tuners",Opened â€“ never used,Â£0.99
"New listingJVC 50""-49"" LED Smart 4K HDR TV, Stand, Remote, Power Cable, NETFLIX(collection)",Pre-owned,Â£150.00
"New listingToshiba 24"" LED TV & built in DVD player",Pre-owned,Â£30.00
"LG LQ63 32"" HDR Smart TV Immersive sound quality with AI Sound",Brand new,Â£199.99
10/12/14/15.4inch Portable 1080P HD TV Freeview HDMI Digital Television Player,Brand new,Â£88.99 to Â£132.99
"Hisense U7H 55U7HQTUK 55"" ULED 4K 120Hz Smart TV - Dolby Vision IQ ",Brand new,Â£609.00
"Qantec 50"" Smart TV with Android TV Full Ultra HD With Freeview HD - QT5023DLEDS",Brand new,Â£271.00
"New listingSony Triniton KV29X5U 29"" CRT TV -- Retro Gaming - Calibrated / Colour Corrected",Pre-owned,Â£30.00
New listingPanasonic Viera TV L37D28BS 37 Inch Screen,Pre-owned,Â£30.00
New listingLg Smart 4K LED Television 55,Pre-owned,Â£275.00
"Samsung LT24C350 24"" LED TV Monitor",Pre-owned,Â£15.00
New listingSamsung 2021 50Â Inch  UHD 4K HDR Smart TV - UE50AU7100KXXU,Opened â€“ never used,Â£229.00
Hisense A6B 43 Inch 4K Smart TV with Freeview Play 43A6BGTUK,Brand new,Â£248.00
"Toshiba 32LL3C63DB (2021) 32"" SMART Full HD HDR LED TV Freeview Play",Certified - Refurbished,Â£142.99
"sky glass 55"" tv",Pre-owned,Â£200.00
"New listingPanasonic TX-65HX940B 65"" 4K LED Smart TV",Pre-owned,Â£250.00
"LG 43UQ80006LB 43"" Ultra HD UQ80 HDR Smart LED Freeview TV with Voice Assistant",Brand new,Â£349.00
New listing65'' LG ULTRA HD 4K TV,Pre-owned,Â£350.00
TV Wall Tilt Bracket Mount For 32 40 42 50 55 60 65 70 Inch Plasma LCD LED UK,Brand new,Â£10.89
New listingSamsung 4K 43 inch Smart tv - model UE43KS7500U,Pre-owned,Â£175.00
"JVC LT-32CA690 Android TV 32"" Smart HD Ready LED TV with Google Assistant",Opened â€“ never used,Â£164.99
"New listing55"" LG OLED55C14LB 4K HDR Smart OLED TV - TRUSTED SELLER - BARGAIN!",Pre-owned,Â£349.99
"LG UHD UQ75 65"" 4K Smart TV with Freeview Play",Brand new,Â£549.99
"Samsung Series 5 B550,37 inch Full HD 1080p Smart LCD Television",Pre-owned,Â£25.00
"LG 32LQ630B6LA 32"" HD Ready Smart LED TV with Freeview Play",Brand new,Â£219.00
"55"" Smart LED TV 4K UHD Ultra High Definition WiFi Ultra Thin Frame TV Damaged ",Pre-owned,Â£99.95
48 Sony KDL48R553 Full HD Ready 1080p Freeview HD Smart LED TV,Pre-owned,Â£139.99
"New listing43"" Sony KD43XE8396 4K Ultra HD HDR Freeview HD Smart Android LED TVCharity item",Pre-owned,Â£170.00
"Hisense 65E7HQTUK E7HQ 65"" QLED 4K UHR HDR Smart TV",Brand new,Â£649.00
"Toshiba 43UA2B63DB (2020) 43"" SMART 4K Ultra HD HDR LED Android TV",Certified - Refurbished,Â£223.54
New listingHISENSE 50 INCH 50A7GQTUK 4K UHD HDR QLED TV. EXCELLENT CONDITION. ,Pre-owned,Â£94.00
"TCL 55C715K 55 Inch QLED Television, 4K Ultra HD",Opened â€“ never used,Â£300.00
Samsung BU8000 43 Inch 4K HDR Smart TV  UE43BU8500KXXU,Brand new,Â£419.00
Retro Gaming Television TV Grundig P37-080 1998 WORKING,Pre-owned,Â£16.00
New listingPanasonic Viera TX-P50UT50 50 Inch 3DÂ HD Plasma TV,Pre-owned,Â£95.00
"New listingLG 42"" TVÂ  LED HDMI Virtual Surround Sound Smart Share",Pre-owned,Â£36.93
"New listingSamsung 55 inch curved screen, LED HD, smart TV and six speaker Blu-ray DVD surr",Pre-owned,Â£210.00
"JVC LT-32CF600 Fire TV Edition 32"" Smart HD Ready LED TV with Amazon Alexa",Very Good - Refurbished,Â£144.99
"Panasonic JX800B 40"" 4K LED Smart TV",Brand new,Â£220.00
"New listingPanasonic 40"" Smart Full 1080p Freeview Play/Freesat HD LED TV - (TX-40ES503b)",Opened â€“ never used,Â£269.99
"Sharp 49"" Inch Smart 4K HDR LED TV 4T-C49BJ1EF2NB - Freeview HD - Netflix- USB",Opened â€“ never used,Â£314.95
Sony Bravia 22inch TV: Model No. KDL-22BX20D. DVD Player.  Not Smart,Pre-owned,Â£10.65
"New listingSamsung Smart TV UE48JU6500 48"" 2160p UHD LED Internet TV",Pre-owned,Â£10.00
New listingRetro TV. Bang and Olufsen 7802,Pre-owned,Â£50.00
Sony Bravia Tv 50inch In Silver,Pre-owned,Â£200.00
sony bravia 55 inch 4K,Opened â€“ never used,Â£102.00
"JVC LT-39CA120 Android TV 39"" Smart HD Ready HDR LED TV with Google Assistant",Opened â€“ never used,Â£205.00
Samsung UHD 4k Smart Tv,Pre-owned,Â£250.00
Sony Bravia KDL40HX853 40  3D TV with 2 pairs of glasses,Pre-owned,Â£80.00
philips 32 inch tv,Opened â€“ never used,Â£71.00
"40"" Samsung UE40MU6120 4K Ultra HD HDR Freeview HD Smart LED TV - BARGAIN PRICE!",Pre-owned,Â£179.99
"Samsung 43"" QLED 4K Ultra HD Smart TV",Pre-owned,Â£260.00
"LOGIK L40AFE21 Android TV 40"" Smart Full HD LED TV ",Very Good - Refurbished,Â£179.99
Philips 32PFS6805 32 inch HDR Smart LED TV Full HD Freeview Play,Brand new,Â£159.00
SAMSUNG 40 INCH FULL HD 1080p SMART TV,Pre-owned,Â£74.00
sony trinitron tv and stand,Pre-owned,Â£19.40
Hisense 65A6BGTUK 65 Inch LED 4K Ultra HD Smart TV Yes HDMI Dolby Vision,Brand new,Â£456.00
New listingSONY Bravia 22 inch LCD TV - KDL-22EX320,Pre-owned,Â£75.00
"New listingAkai 24"" Inch HD Ready LED Smart TV and Freeview Play",Brand new,Â£125.00
"JVC LT-32C3210 32"" Smart HD Ready HDR LED TV",Opened â€“ never used,Â£169.00
"LG OLED55C26LD 55"" 4K Smart OLED TV with webOS",Brand new,"Â£1,152.00"
Samsung smart tvÂ ,Pre-owned,Â£50.00
"Hisense E7HQ 43"" 4K HDR QLED Smart TV Quantum Dot Colour HDR10+ decoding",Brand new,Â£349.99
"Samsung UE22H5610 22 "" Smart HD Ready TV And Monitor - Glossy White",Pre-owned,Â£51.00
Samsung UE32T5300C 32 Inch LED 1080p Full HD Smart TV,Brand new,Â£206.00
"New listingToshiba 46WL863 46"" TV Television Black Remote LED",Pre-owned,Â£124.99
"New listingToshiba 55"" Ultra HD 4k WLAN Smart TV",Pre-owned,Â£95.00
"Samsung UE32T4300AKXXU Smart TV 32"" HDR HD Ready [ ID709383171]",Pre-owned,Â£119.90
"LG OLED42C24LA 42"" 2022 Range Smart Television",Brand new,Â£859.00
"LG 43UQ91006LA 43"" 4K Ultra HD Smart TV webOS Platform",Brand new,Â£429.00
"Qantec 55"" Smart TV with Android TV Full Ultra HD With Freeview HD - QT5523DLEDS",Brand new,Â£299.00
BUSH  SMART TV,Pre-owned,Â£10.00
New listingToshiba 55UL3263DB 55 Inch 4K Ultra HD Smart TV - 5 Year Warranty Included ,Brand new,Â£349.95
"New listingSamsung UE40NU7122 40"" 4K Ultra HD TV - Black",Pre-owned,Â£180.00
"New listingSamsung 70"" Crystal 4K Smart TV UE70AU8000 #LF51800",Excellent - Refurbished,Â£559.00
New listingToshiba 43L2163DB 43 inch Smart Full HD HDR LED TV,Opened â€“ never used,Â£100.00
"Blaupunkt B40U148T 40"" LED HD TV",Pre-owned,Â£35.00
Toshiba REGZA 32AV623D 32' LCD TV with original remote and box - Working,Pre-owned,Â£9.00
"7"" - 24"" Digital TV 12v 240v for Motorhome Caravan Boat DVB-T2 Freeview PVR ",Brand new,Â£8.99 to Â£191.91
"Samsung UE50AU7100KX 50"" AU7100 UHD 4K HDR Smart TV",Brand new,Â£469.00
New listingHisense 65U8GQTUK 65 Inch ULED 4K Ultra HD Smart TV.,Opened â€“ never used,Â£522.00
Panasonic TX-43LX650B LED 4K UHD 43'' Smart TV (No Stand/Alt Remote/Damaged) C,Pre-owned,Â£169.49
"75"" Samsung UE75MU7000 4K Ultra HD Freeview Freesat HD Smart LED HDR TV",Pre-owned,Â£399.99
"TCL 43RP620K Roku 43"" Smart 4K Ultra HD HDR LED TV",Very Good - Refurbished,Â£219.99
Samsung UE40H6400AK 40inch 3D HD Smart TV,Pre-owned,Â£67.00
"New listing PHILIPS 32"" LED TV HD - Black (32PHT4132/05",Pre-owned,Â£159.99
"New listingBang & Olufsen BeoVision 7-32 32"" 720p HD LCD Television",Pre-owned,Â£40.00
"Sony BRAVIA WD75 Series KDL32WD756 32"" Smart Full HD LED TV",Pre-owned,Â£139.99
Samsung 55 inch curved ultra hd 4k LED Smart tv,Pre-owned,Â£250.00
panasonic tv TX-L22X20B,Pre-owned,Â£25.00
Phillips  TV 42 Inch,Pre-owned,Â£50.00
"Sharp 24"" Inch HD Ready LED TV with Freeview HD and built-in DVD player - Black",Brand new,Â£159.99
"Seizo 40"" Inch Full HD Smart TV with Wi-Fi, Freeview, 3x HDMI, 2x USB PVR",Brand new,Â£199.00
Shop on eBay,Brand New,$20.00
"Sharp 1T-C32BC2KH2FW 32"" Inch HD Ready Smart LED TV with Freeview HD - White",Brand new,Â£209.99
"EMtronics 32"" Inch HD Ready LED TV with Built-in DVD Player 2x HDMI, USB - White",Brand new,Â£159.99
"JVC LT-43CA790 Android TV 43"" Smart Full HD LED TV with Google Assistant",Very Good - Refurbished,Â£199.99
"JVC LT-39CA120 Android TV 39"" Smart HD Ready HDR LED TV with Google Assistant",Very Good - Refurbished,Â£169.99
"Sony BRAVIA WD75 Series KDL32WD756 32"" Smart Full HD LED TV",Pre-owned,Â£139.99
Samsung 55 inch curved ultra hd 4k LED Smart tv,Pre-owned,Â£250.00
"New listing PHILIPS 32"" LED TV HD - Black (32PHT4132/05",Pre-owned,Â£159.99
panasonic tv TX-L22X20B,Pre-owned,Â£25.00
Phillips  TV 42 Inch,Pre-owned,Â£50.00
"JVC LT-43CF700 Fire TV Edition 43"" Smart Full HD HDR LED TV with Amazon Alexa",Very Good - Refurbished,Â£199.99
New listingSamsung 65 inch 4k curved smart tv,Pre-owned,Â£295.00
Toshiba Toshiba UK4D 65 inch 4K HDR Smart TV with Alexa 65UK4D63DB,Brand new,Â£549.00
Samsung 22 inch white TV,Pre-owned,Â£20.00
"Sharp 24"" Inch HD Ready LED Smart TV with Built-In DVD Player and Freeview Play",Brand new,Â£199.99
"LOGIK L32HED20 32"" LED TV with Built-in DVD Player",Very Good - Refurbished,Â£129.99
"Blaupunkt 32"" HD Ready Smart LED TV with Freeview Play, Netflix, Prime video",Brand new,Â£179.99
"logik tv 19""",Pre-owned,Â£15.00
New listinglg 49 inch tv ,Pre-owned,Â£50.00
49 Samsung UE49KS8000 4K SUHD Freeview Freesat HD Smart LED HDR TV,Pre-owned,Â£199.99
"LG OLED55B6V 55"" Smart OLED HDR 4k TV",Pre-owned,Â£170.00
"Samsung UE32T4300AK 32"" HD Ready HDR LED Smart TV",Brand new,Â£219.00
JVC 40â€ Led Smart TV,Pre-owned,Â£50.00
New listingpanasonic tv,Pre-owned,Â£100.00
"40"" JVC Smart LED TV 1080p 40 Inch Television LT-40C590 Full HD Freeview HD",Pre-owned,Â£79.00
New listingTOSHIBA 22 INCH LCD DVD COMBI TV 22DL704B,Pre-owned,Â£25.00
"JVC LT-32C490 32"" LED LCD TV HD READY DVB-T2 FREEVIEW HD TUNER HDMI USB",Opened â€“ never used,Â£129.97
TOSHIBA 65â€ SMART TV 65U2963DB Undamaged but not working..,Parts only,Â£25.00
"JVC LT-40CF700 FIRE TV EDITION 40"" SMART FULL HD LED TV WITH AMAZON ALEXA *D76*",Pre-owned,Â£99.94
"New listingPANASONIC TX-L32E5B 32"" LCD Television TV with Freeview HD With Remote WILL POST",Pre-owned,Â£99.99
LG LQ63 32 Inch LED Full HD Smart TV 32LQ630B6LA,Brand new,Â£209.96
"Blaupunkt 32"" Freeview HD LED TV with Built-in DVD Player + PVR (1080p Support)",Brand new,Â£189.95
"LG 50UP75006LF 50"" 4K Smart UHD TV with Amazon Alexa",Brand new,Â£419.00
Toshiba 43UK3C63DB 43 Inch LED 4K Ultra HD Smart TV Bluetooth WiFi,Brand new,Â£256.00
New listingPanasonic 47 inch TV TH42PX80B Missing Remote.,Pre-owned,Â£45.00
"Sharp 1T-C24BE0KR1FB 24"" HD Ready Smart Television with Built In DVD Player",Brand new,Â£179.00
"SAMSUNG QE55Q60BA 55"" 2022 QLED 4K HDR SMART TV 5 YEAR WARRANTY",Brand new,Â£614.00
"New listingBang & Olufsen BeoVision 7-32 32"" 720p HD LCD Television",Pre-owned,Â£40.00
"Toshiba 55V6863DB 55"" Smart 4K Ultra HD LED HDR TV  L9",Pre-owned,Â£169.99
"EMtronics 40"" Inch Full HD 1080p TV with Freeview, 3x HDMI, 2x USB PVR",Brand new,Â£199.99
"Samsung QE55Q80BATXXU 2022 55"" Q80B QLED 4K HDR 1500 Smart TV",Brand new,Â£819.00
New listingSamsung T5300 32'' Full HD LED HDR Smart TV,Opened â€“ never used,Â£185.00
"New listingSamsung QE32LS03TCUXXU The Frame 32"" SMART Full HD HDR QLED TV Art Mode",Excellent - Refurbished,Â£271.99
"65"" LG 65SM8200PLA 4K Super UHD HDR Nano Cell Smart LED TV - AMAZING DEAL!",Pre-owned,Â£249.99
SONY EV-DT1 TV/VIDEO COMBO,Parts only,Â£110.00
LG C2 55 Inch OLED 4K Ultra HD HDR Smart TV OLED55C26LD,Brand new,"Â£1,152.00"
"JVC LT-32C600 32"" Smart HD Ready LED TV",Very Good - Refurbished,Â£139.99
"70"" Philips 70PUS7555/12 4K HDR Smart LED TV''EARLY BLACK FRIDAY SALE''",Pre-owned,Â£269.99
samsung 43 smart tv,Pre-owned,Â£31.00
Hisense E7H 65 Inch QLED UHD 4K HDR Smart TV 65E7HQTUK,Brand new,Â£599.00
Hisense 40 inch Smart TV Model H40B5600UK,Pre-owned,Â£82.00
"Hisense 55U8GQTUK 55"" ULED 4K Quantum Dot Smart LED TV",Brand new,Â£495.00
"Samsung UE65BU8500KXXU 65"" Crystal UHD 4K HDR BU500 Smart TV 2022",Brand new,Â£699.00
New listingSamsung QE75QN95BATXXU 75 Inch Neo QLED 4K Ultra HD Smart TV,Pre-owned,Â£437.00
"Hisense 43E7HQTUK E7HQ 43"" QLED 4K UHR HDR Smart TV",Brand new,Â£375.00
"Sharp 50"" Inch Smart 4K Ultra HD HDR UHD LED TV - Freeview Play - Netflix - HDMI",Opened â€“ never used,Â£339.95
"Toshiba 24WK3C63DB - 24"" - LED HD Ready (Smart TV)",Opened â€“ never used,Â£65.00
"Hisense 65A6BGTUK A6BG 65"" Smart 4K TV with Dolby Vision",Brand new,Â£479.00
"New listingTOSHIBA 32LL3C63DB 32"" Smart Full HD HDR LED TV",Opened â€“ never used,Â£169.00
AVTEX L186DRS 18.5 TV/DVD V2,Pre-owned,Â£170.00
sony bravia 40 inch tv in good condition,Pre-owned,Â£19.00
"New listingPanasonic 50"" 3D Smart 1200Hz Freeview/Freetime UHD LED TV",Opened â€“ never used,Â£289.99
Panasonic 65LX600BZ 65 Inch 4K Ultra HD Smart TV,Opened â€“ never used,Â£464.00
lg tv 42 inch Full HD LED Smart TV,Pre-owned,Â£25.00
Samsung 50 Inch Tv,Pre-owned,Â£40.00
"LG Nano88 55"" 4K NanoCell Smart TV",Pre-owned,Â£214.00
"LG 28TN515S 28"" Smart HD Ready IPS LED TV Wi-Fi & Freesat & Freeview HD - Black",Opened â€“ never used,Â£77.00
"August DVTV 905 rechargeable 9"" Television TV Freeview PVR HD (see description)",Pre-owned,Â£49.99
"New listingSamsung UE85BU8000 85"" 4K LED Smart TV #LF51765",Very Good - Refurbished,"Â£1,049.00"
43 inch tv,Pre-owned,Â£22.00
55 inch ultra HD Smart LED TV Collection Only,Pre-owned,Â£110.00
samsung 24 Inch HD Smart Tv,Pre-owned,Â£42.00
LG 28TN525S 28 inch Smart LED TV HD Ready Freeview HD / Line,Pre-owned,Â£125.00
Tobisha 48 Inch Flat Screen TV,Pre-owned,Â£80.00
"LG OLED42C24LA 42"" OLED 4K Ultra HD C2 HDR Smart TV 2022 with Dolby Atmos",Brand new,Â£859.00
LG 28 Inch 28TN515V HD Ready LED TV Monitor / Scratch,Pre-owned,Â£110.00
"Hisense 70A6BGTUK A6BG 70"" Smart 4K TV with Dolby Vision",Brand new,Â£679.00
Hisense 55E7HQTUK 55 Inch QLED 4K Ultra HD Smart TV,Opened â€“ never used,Â£360.00
"Samsung Smart TV 3D UE55H6400AK 55"" 1080p Full HD LED",Pre-owned,Â£104.00
New listingsamsung 58 inch smart tv 4k,Parts only,Â£79.00
New listingpanasonic lcd tv TX-48C300B,Pre-owned,Â£100.00
"Philips TV Philips 65PUS7906-12 4K Ultra HD 65"" Android Smart TV",Brand new,Â£669.00
sky glass 55 tv,Pre-owned,Â£208.00
samsung 50 inch smart tv used,Parts only,Â£68.00
Samsung 50 inch plasma TV model PS-50Q97HDX/XEU Black with stand or wall hang,Pre-owned,Â£30.00
"65"" LG 65UK6470PLC 4K Ultra HD HDR Freeview Play Smart LED TV''HUGE DISCOUNT''",Pre-owned,Â£249.99
New listingBUSH TV,Pre-owned,Â£0.99
"Samsung 32"" LED Smart TV - Black",Pre-owned,Â£24.99
"New listingLG 28TL520S LED TV, 28 INCH SCREEN WITH REMOTE CONTROLÂ  AND MULTIPLE FEATURES.",Pre-owned,Â£45.00
"Panasonic TX-32AS520B, HD Smart TV, 32 inch",Pre-owned,Â£99.00
New listingPhilips 4k SMART TV 50'' Ultra Slim LED With Remote (small crack display),Pre-owned,Â£40.00
"Hisense 43E7HQTUK QLED 4K UHD Smart TV  4K UHD, with HDR10,HDR10+ ^^^READ^^^ L4",Opened â€“ never used,Â£249.99
"Samsung UE55TU7020 55"" Crystal UHD 4K HDR Smart TV",Brand new,Â£190.00
"SAMSUNG UE55AU8000K 55"" Inch 2021 Crystal UHD 4K HDR Smart TV Television",Opened â€“ never used,Â£349.00
"Samsung UE43AU7100KX 43"" AU7100 UHD 4K HDR Smart TV",Brand new,Â£389.00
"New listingSamsung UE32EH4000W TV, 32 inch, Excellent",Pre-owned,Â£19.99
New listingHisense 65U8GQTUK 65 Inch ULED 4K Ultra HD Smart TV,Opened â€“ never used,Â£522.00
Samsung UE65AU7100 65 Inch LED 4K Ultra HD Smart TV Bluetooth WiFi,Brand new,Â£656.00
"New listingSamsung UE55KS 7000 55"" 4K UHD Smart LED TVÂ  WITH USB LIGHT STIRPS 3 SIDES",Pre-owned,Â£250.00
"CELLO 24"" inch 12v LED TV DVD FREEVIEW HD HDMI USB VGA SAT CARAVAN TV - 12 VOLT",Brand new,Â£179.99
40 inch JU6740 6 Series UHD 4K Smart LED TV Samsung & Sound Bar,Pre-owned,Â£125.00
"LG OLED55CX5LB 55"" 4K OLED Smart TV",Pre-owned,Â£500.00
"LG 43"" UHD 4K HDR Smart NanoCell TV - 2022 Model 43NANO766QA - BARGAIN!",Pre-owned,Â£180.00
sony bravia android tv,Pre-owned,Â£216.00
"JVC LT-50CA890 50"" Smart Ultra HD HDR LED TV - Black [Very Good Condition]",Pre-owned,Â£210.00
sony bravia 32 inch tv smart,Pre-owned,Â£80.00
"Samsung UE55BU8000 (2022) 55"" SMART 4K Ultra HD HDR LED TV TVPlus Black",Excellent - Refurbished,Â£407.99
Samsung 32 inch Smart TV full HD,Pre-owned,Â£76.00
Sony XD9305 65in bravia smart TV 4K UHD 3D ,Pre-owned,Â£420.00
"Samsung 43 "" Smart tv 4K Ultra HD, 2 years old",Pre-owned,Â£170.00
"SONY BRAVIA TV MODEL 40"" - KDL-40 EX403",Pre-owned,Â£10.00
"New listingAVTEX W195TS 19.5"" Smart TV - 12v 19.5 inch Wifi Bluetooth FULL HD Television",Brand new,Â£225.00
Panasonic TV tx40dx700b,Pre-owned,Â£10.50
"TCL 55P72K 55"" TV 4K Ultra HD Smart TV Powered by Android",Brand new,Â£379.00
"TCL 55EP668 55"" Smart 4K Ultra HD HDR Pro LED TV, Freeview Play HD *No Stand*",Pre-owned,Â£229.99
"POLAROID 24"" SMART HD Ready TV ROSE GOLD Freeview USB Playback C2 Grade No Stand",Pre-owned,Â£69.99
"Samsung 55"" 3D Smart Hub 200Hz Freeview HD LED TV",Opened â€“ never used,Â£299.99
"New listingLG 55UN73 4K 55"" TV, Boxed with remote, wires and safe packaging",Pre-owned,Â£250.00
"LG OLED CURVED TV 55EG910V 55"" 3D 1080p HD Smart TV",Pre-owned,Â£150.00
"19 inch LED TV, Digital DVB-T2 Tuner Freeview Receive,HDMI,USB,RCA,VGA inputs",Opened â€“ never used,Â£65.00
Samsung Q60B 43 Inch QLED 4K Quantum HDR Smart TV QE43Q60BAUXXU,Brand new,Â£519.00
"Sony KD-65XG8505 65"" 4K Smart TVCharity item",Pre-owned,Â£275.00
"49"" LG 49UF850V 4k Ultra HD Freeview HD Smart 3D LED TV'' Bargain Price''",Pre-owned,Â£169.99
LG 60inch 4k Smart Tv 60UH650V,Pre-owned,Â£350.00
Sony Bravia KD-55XD7005 55â€ 4K Ultra HD Smart Android Tv,Pre-owned,Â£155.00
"65"" LG 65SK8500PLA 4K Super Ultra HD Nano Cell HDR Smart LED TV",Pre-owned,Â£279.99
New listingToshiba UL21 43 Inch 4K Ultra HD HDR Smart LED Freeview TV 43UL2163DBC -Open Box,Opened â€“ never used,Â£319.99
"Sony Bravia XR XR55A90J (2021) 55"" SMART 4K Ultra HD HDR OLED TV C Grade No Accs",Pre-owned,Â£639.99
Samsung Full HD 3D TV,Pre-owned,Â£50.00
Avtex Tv Stand,Pre-owned,Â£15.00
"55"" Philips 55PUS7956/12 Ambilight 4K HDR Android Smart LED TV - AMAZING DEAL!",Pre-owned,Â£239.99
LG 55UB820V 55 ULTRA HD 4K TV,Pre-owned,Â£175.00
New listingBush 19 Inch VM19HDLED-D HD Ready Freeview LED TV/DVD Combi - Warranty,Opened â€“ never used,Â£119.85
"Samsung UE43AU8000KXXU 43"" Smart 4K Ultra HD LED HDR TV, Freeview HD, Black *CRK",Opened â€“ never used,Â£239.99
"TCL 50C715K 50"" Android Smart 4K UHD HDR 10+ QLED TV, Freeview HD *No Stand*",Pre-owned,Â£239.99
samsung tv 43 inch,Pre-owned,Â£9.99
SAMSUNG THE FRAME UE65LS03N 4K HDR  LED SMART TV. WALL ART MODE ,Pre-owned,Â£375.00
"LG 22"" TV Model-M2280D-PZ (With Remote) -Used Good Condition (R)6Charity item",Pre-owned,Â£30.99
"SAMSUNG QE50Q60BA 50"" 2022 QLED 4K HDR SMART TV 5 YEAR WARRANTY",Brand new,Â£565.00
43â€™â€™ LG Smart Television,Pre-owned,Â£50.00
"Panasonic TX-43JX600B 43"" UHD LED Smart TV - Black",Brand new,Â£129.00
"Samsung 40"" Smart TV UE40F6400 3D Full HD LEDCharity item",Pre-owned,Â£67.00
"LG 22TN410V 22 inch 1080p HD LED TV, Excellent Condition.",Pre-owned,Â£29.95
"58"" Philips 58PUS7855 Ambilight 4K HDR Smart LED TV'BARGAIN PRICE''",Pre-owned,Â£199.99
SONY  43 inch SMART ANDRIOD TV  LCD 4K ***IMMACULATE CONDITION ***,Pre-owned,Â£199.00
"NEW Toshiba 65UL2163DBC 65"" Smart TV 4K UHD UK COLLECTION ğŸ‡¬ğŸ‡§ ",Brand new,Â£389.99
"LG 24"" TV Model-24TN510S-PZ (Includes Remote)-Used Good Condition (R)1Charity item",Pre-owned,Â£53.00
"Hisense 40A4BGTUK 40"" 4K Ultra HD LED Smart TV - Black",Pre-owned,Â£128.99
"Samsung SyncMaster T22A300 22"" Full HD 1080p Widescreen LCD TV Monitor",Pre-owned,Â£19.00
55 inch lcd Smart Tv With Freeview,Pre-owned,Â£150.00
LG UQ91 50 Inch LED 4K Smart TV 50UQ91006LA,Brand new,Â£449.00
"JVC LT-40CA790 ANDROID TV 40"" SMART FULL HD 1080P LED TV GOOGLE ASSISTANT *D72*",Pre-owned,Â£139.94
"New listingCello C2275F 22"" inch Led TV/DVD Combo. 1080p HD Remote control and wall bracket",Pre-owned,Â£29.00
LG UQ91 43 Inch LED 4K Smart TV 43UQ91006LA,Brand new,Â£399.00
22â€ Luxor TV DVD Player With Remote LUX 22-914-COB  Black 22â€,Pre-owned,Â£20.00
"LG UHD UQ75 43"" 4K Smart TV with Freeview Play",Brand new,Â£329.99
32 inch Panasonic smart TV,Pre-owned,Â£27.00
Panasonic 40â€ Ultra HD 4K LED Television- TX- 40HX800B,Pre-owned,Â£89.00
ALBA LCD19880H DP PINK TV  19 INCH ,Pre-owned,Â£12.50
New listingpanasonic 50 inch smart tv,Pre-owned,Â£150.00
jvc television,Pre-owned,Â£55.00
DISNEY WINNIE The POOH Rare CRT 14â€ TV Retro Gaming + Remote,Pre-owned,Â£24.99
"Sony BRAVIA KD43X72KPU 43"" 4K LED Smart TV - Black",Brand new,Â£380.00
50 inch Samsung Smart TV,Pre-owned,Â£180.00
"Philips 32"" 32PFS6905 Smart FHD HDR LED Ambilight TV+Freeview&FreesatHD NO STAND",Pre-owned,Â£179.00
"55"" LG 55UH668V 4k Ultra HD Freeview HD HDR Smart LED TV",Pre-owned,Â£179.99
"Hisense 55A7100FTUK 55"" Smart 4K Ultra HD LED TV Freeview Play",Excellent - Refurbished,Â£319.99
panasonic tv,Pre-owned,Â£200.00
40 inch Samsung UE40KU6470 4k Ultra HD HDR Smart LED TV please read description,Pre-owned,Â£100.00
40 Sony KDL40WE663 Full HD 1080p Freeview HD Smart HDR LED TV''HUGE BARGAIN'',Pre-owned,Â£129.99
"Sony Bravia KDL-40EX403 40"" 1080p HD LCD Smart TV with Stand & Remote",Pre-owned,Â£60.00
**LG TV OLED 55 2019**,Pre-owned,Â£250.00
"(Grade A) Sharp 42CI3KA 42"" FHD Android Smart TV Full HD 1080p Bluetooth",Pre-owned,Â£155.49
"Sharp LC-32FI5342KF 32"" SMART Full HD LED TV Freeview Play C Grade No Stand",Pre-owned,Â£114.99
"Panasonic 55"" 3D 4K Smart 1200Hz Freeview/Freetime UHD LED TV",Pre-owned,Â£299.99
TCL 55P638K 55 Inch LED 4K Ultra HD Smart TV Yes HDMI Dolby Vision Bluetooth,Brand new,Â£336.00
New listingtoshiba tv ,Pre-owned,Â£100.00
"Akai AKTV247006LA 24"" HD LED Android Smart TV with Freeview HD *1 year warranty*",Pre-owned,Â£89.00
Panasonic 65 Inch Plasma TV TX-P65VT50B,Pre-owned,Â£200.00
32 inch tv Celcus,Pre-owned,Â£9.99
"Samsung QE50Q60BA 50"" QLED 4K Smart TV",Brand new,Â£579.00
"Panasonic TX-50JX600B 50"" Series 4K Smart TV",Brand new,Â£499.00
New listingSamsung 43â€ QN90A Neo QLED 4K HDR Smart TV - Read - Unused,Opened â€“ never used,Â£585.00
New listingSharp 42 Inch Smart Tv,Pre-owned,Â£60.00
LG Black Tv medium size good condition 11 years old welcome to see it and testÂ ,Pre-owned,Â£18.60
"LG 50UQ91006LA 50"" 4K Smart TV March 2022 Model",Brand new,Â£479.00
New listingSony 49 Inch TV,Pre-owned,Â£78.00
"Philips 43PUS7506/12 43"" 4K UHD LED Smart TV *2 year warranty*",Pre-owned,Â£199.00
New listingSamsung UE50TU7020KX 50 inch Crystal UHD 4K LED SMART TV HDR10 -Open Box,Opened â€“ never used,Â£399.99
"Panasonic 50"" Full 1080p Freeview HD LED TV (TX-50A300b)",Pre-owned,Â£229.99
Samsung 50 inch LCD Smart tv,Pre-owned,Â£155.00
Samsung Smart TV 40inch UE40JU6400K,Pre-owned,Â£67.99
"Bush DLED32265HDCNTD 32"" 720p LED Smart TV",Pre-owned,Â£25.00
"Samsung Serif 49"" TV 2021Charity item",Pre-owned,Â£84.00
New listingFerguson F1902LVD 19â€ HD TV DVD Freeview Combo HDMI - No Remote Control,Pre-owned,Â£44.99
"32"" Veltech TV",Pre-owned,Â£35.00
"SAMSUNG QE55Q80BATXXU 55"" Smart 4K Ultra HD HDR QLED TV with Bixby, Alexa & Goog",Pre-owned,Â£249.99
Sony 55â€ Smart TV 4K Ultra HD Freeview,Opened â€“ never used,Â£260.00
Philips 32 Inch HD Ready 768p LED TV - Black 32PHT4503/05 Pixel Plus HD,Pre-owned,Â£33.00
"SAMSUNG UE50RU7100K 50"" inch 4K Ultra HD LED SMART HDR Television TV ",Parts only,Â£75.00
samsung SUHD 65â€ curved TV 4k,Parts only,Â£120.00
"LG 50UP75006LF 50"" 4K UHD Smart TV",Parts only,Â£15.99
samsung 55 curved tv,Pre-owned,Â£200.00
Panasonic p50vt65b tv ** Working great **,Pre-owned,Â£300.00
"New listingBlaupunkt 32"" TV (No Remote) -Used Good Condition (W)3Charity item",Pre-owned,Â£5.00
"LG 65"" 4K HDR Smart Freeveiw Play/Freesat Ultra HD LED TV",Opened â€“ never used,Â£399.99
"Samsung UE40H6400AK 40"" 3D Full HD Smart LED TV SPARESCharity item",Parts only,Â£19.99
"New listingHisense 65A6BGTUK 65"" 4K LED Smart TV",Pre-owned,Â£320.00
"LG 50UQ75006LF 50"" 4K Smart UHD TV",Brand new,Â£399.00
55 Sony KD-55XD8599BU 4K HDR Android Smart LED TV,Pre-owned,Â£179.99
Lg Smart TV Spare or Repair,Parts only,Â£25.00
New listingSharp TV ,Pre-owned,Â£50.00
"SONY BRAVIA 42""Â  TV KDL-42EX410",Pre-owned,Â£29.00
"Samsung UE43AU7100 (2021) 43"" SMART 4K Ultra HD HDR LED TV TVPlus Black C Grade",Very Good - Refurbished,Â£255.99
New listingHitachi 50 Inch HDTV 50HXT16U A Smart Tv With Remote,Pre-owned,Â£150.00
LG OLED65A16LA (2021) 4K ULTRA HDR SMART TV 65â€ WITH DOLBY ATMOSÂ ,Pre-owned,Â£249.00
"Samsung T24D390SÂ  24"" Smart LED TV",Pre-owned,Â£60.00
58â€ panasonic plasma tv,Pre-owned,Â£40.00
"Samsung UE43BU8000 43"" (2022) Crystal UHD 4K HDR Smart LED Tv",Opened â€“ never used,Â£329.95
SAMSUNG QE75Q950RBTXXU 75â€³ 8K AI Upscaling HDR UHD Smart WiFi QLED TV with Bixby,Pre-owned,Â£500.00
"New Panasonic TX-24G310B 24"" HD Ready LED TV Freeview HD USB Playback Black",Brand new,Â£169.99
New listingsony bravia tv kdl-32ex403,Pre-owned,Â£30.00
Samsung UE32ES5500K 32 inch LED Smart TV,Pre-owned,Â£55.00
"New listingSamsung UE48JU7000T - 48"" UHD smart 4K LED TV, wall mount included",Pre-owned,Â£20.00
"Alba 19"" TV HD LED",Pre-owned,Â£29.00
"LG Smart TV 47LM620T 47"" 3D 1080p HD LED LCD Internet TV",Parts only,Â£69.00
"55"" Philips 55PUS7956/12 Ambilight 4K HDR Android Smart LED TV",Pre-owned,Â£229.99
LG 75 inch smart 4k Ultra HD TV LG75UM7000P LA,Pre-owned,Â£560.00
"Hisense A5600F 40"" FHD LED Smart TV - Black",Pre-owned,Â£86.00
JVC 40â€ LED Smart TV LT-40C750,Pre-owned,Â£10.00
Flat screen smart TV Panasonic  42 inch,Pre-owned,Â£38.00
"55"" LG 55UK6950PLB 4K Ultra HD HDR Freeview Freesat HD Smart LED TV''BARGAIN ''",Pre-owned,Â£199.99
Samsung 32 inch tv,Pre-owned,Â£0.99
"65"" LG 4K Ultra HD HDR Smart LED TV & TV Stand Unit",Pre-owned,Â£350.00
"58"" Philips 58PUS8555/12 Ambilight 4K HDR Android Smart LED TV",Pre-owned,Â£219.99
Philips Philips PUS8507/12 43 inch 4K HDR Android TV with Ambilight 43PUS8507/12,Brand new,Â£429.00
tv,Pre-owned,Â£120.00
samsung tv 55 inch,Parts only,Â£20.00
LG NanoCell 55â€ Tv 4k Ultra HD Smart TV LG55SM8200P LA,Pre-owned,Â£255.00
"New listingSony Bravia KDL- 40EX 523 40"" LCD colour TV with wireless LAN internet adapter",Pre-owned,Â£75.00
50 inch smart tv 4k used,Parts only,Â£26.00
New listingBush Flat Screen TV 48inch,Pre-owned,Â£1.20
"New listing49"" Sony KD49XE7002BU 4K Ultra HD HDR Freeview HD Smart LED TV",Pre-owned,Â£169.99
Sony Bravia 32 inch tv,Pre-owned,Â£75.00
Hisense 43A6BGTUK 43 Inch LED 4K Ultra HD Smart TV Yes HDMI Dolby Vision WiFi,Brand new,Â£256.00
PANASONIC TX-P55VT50B 55â€ PLASMA FULL HD 3D TV LEGENDARY,Pre-owned,Â£150.00
"LG NanoCell 50NANO766QA NANO76 50"" HDR 4K Smart TV",Brand new,Â£509.00
Sony 43 inch 4K HDR smart tv KD-43XF8796,Pre-owned,Â£85.00
"Hisense 32A4BGTUK 32"" HD Ready Smart LED TV",Brand new,Â£169.00
"New listing43"" JVC LT-43CF890 4K Ultra HD HDR Freeview HD Smart LED Fire TV Edition",Pre-owned,Â£139.99
Hisense 43A7GQTUK 43 inch 4K Ultra HD Smart TV,Opened â€“ never used,Â£161.00
panasonic tv,Pre-owned,Â£30.00
New listing37â€ LG TV With Stand,Pre-owned,Â£30.00
"PHILIPS 32PFS6905/05 32"" Ambilight  Smart Full HD HDR 60 Hz LED TV - Silver",Very Good - Refurbished,Â£169.99
"Sharp 40"" Inch 4T-C40BL2KF2AB Ultra HD 4K LED Smart TV with Harman Kardon Sound",Brand new,Â£319.99
"LOGIK L39SHE21 39"" Smart HD Ready HDR LED TV",Very Good - Refurbished,Â£174.99
Shop on eBay,Brand New,$20.00
Genuine Samsung UE43AU9000 TV Remote Control Brand New,Brand new,Â£15.84
"LG 32LQ63006LA 32"" 1080p Full HD LED Smart TV",Very Good - Refurbished,Â£174.99
"PHILIPS 32PFS6905/05 32"" Ambilight  Smart Full HD HDR 60 Hz LED TV - Silver",Very Good - Refurbished,Â£169.99
"Blaupunkt 32"" HD Ready LED TV with Freeview HD, 3x HDMI, USB Media Player",Brand new,Â£159.99
"Samsung The Frame 55"" 4KUHD QLED Art Mode Smart TV(Remote/Stand/Cable) C",Pre-owned,Â£379.49
sony Bravia kd-65x9005c tv spares or repairs no sound ,Parts only,Â£69.99
"New listingSamsung 4K  60'' 6020 6 Series UHD HDR Smart TV: w Box, Remote, Stand.  Collect.",Pre-owned,Â£200.00
LG32â€ TV,Pre-owned,Â£0.99
"New Panasonic TX-65LX650BZ 65"" SMART 4K Ultra HD HDR Android LED TV",Brand new,Â£629.99
"Samsung QE55Q70T 55"" (4K) QLED Smart TV",Parts only,Â£100.00
New listingHisense 43A7100FTUK 43â€ 4K Ultra HD HDR Smart LED TV Freeview Play,Pre-owned,Â£189.99
"CELLO 22"" INCH 12 volt LED TV DVD FREEVIEW HD SAT HDMI 1080P CARAVAN TV 12v ",Brand new,Â£169.99
New listingPanasonic TX-37LZD81 LCD 1080 TV,Pre-owned,Â£0.99
"Sharp 50"" Inch Ultra HD 4K LED Smart Android TV with Google Assisstant - Black",Brand new,Â£349.99
"JVC LT-43CF890 Fire TV 43"" Smart 4K Ultra HD HDR LED TV with Amazon Alexa",Very Good - Refurbished,Â£229.99
Toshiba Toshiba UK4D 43 inch 4K HDR Smart TV with Alexa 43UK4D63DB,Brand new,Â£299.00
"Samsung Smart Curved 3D TV UE48JU7500 48"" 4K LED TV  - READ DESCRIPTION",Pre-owned,Â£137.00
Sony Bravia 48 inch TV. Black. Excellent condition,Pre-owned,Â£150.00
TCL 65C720K 65 inch QLED 4K Ultra HD Smart Android TV - Silver,Pre-owned,Â£265.00
"Samsung UE65BU8500 65"" Crystal UHD 4K HDR Smart TV",Brand new,Â£739.00
"Philips TV 32PFS6855-05 Saphi Smart 32"" LED Full HD TV",Brand new,Â£169.99
"Samsung UE43AU7100KXU 43"" AU7100 UHD 4K HDR Smart TV Netflix + Apps (NO STAND )",Pre-owned,Â£249.99
"New listingBush 32"" SMART LED TV, HD, Wi-Fi, Freeview HD, Freeview Play & USB DLED32HDS",Pre-owned,Â£79.99
Toshiba LL3C 32LL3C63DB 32 Inch 1080p Full HD LED Smart TV,Brand new,Â£184.95
"65"" LG 65UK6950PLB 4K Ultra HD HDR Freeview Freesat HD Smart LED TV''BARGAIN''",Pre-owned,Â£299.99
"Samsung The Frame QE32LS03TCUXXU 32"" Full HD QLED Smart TV",Brand new,Â£255.00
SAMSUNG UE40H6670ST FULL HD SMART TV,Pre-owned,Â£51.00
"Samsung UE50BU8000 50"" Crystal UHD 4K LED Smart TV",Brand new,Â£469.00
"LOGIK L40FE20 40"" Full HD LED TV",Very Good - Refurbished,Â£159.99
"Samsung UE43AU7100K 43"" 4K LED LCD Smart TV (Model 2021)",Very Good - Refurbished,Â£314.99
"Blaupunkt 24"" HD LED TV with Freeview HD, 2x HDMI, USB Media player BN24H1112EKB",Brand new,Â£139.99
"22"" Sierro Motorhome tv LED HD Satellite Motorhome Caravan Television 12v 1080P",Brand new,Â£162.99
"Samsung 82"" NU8000 Ultra HD HDR 1000 Smart 4K LED TV UE82NU8000TXXU",Pre-owned,Â£625.00
Vintage 1983 SINCLAIR TV80 FTV1 Pocket Television w/ Powerpack & Sleeve,Pre-owned,Â£1.20
"LG 50UQ81006LB 50"" Smart 4K Ultra HD HDR LED TV - 2022 Model",Pre-owned,Â£199.00
"Samsung Smart TV UE39F5000AK 39"" 1080p HD LED Television",Pre-owned,Â£51.00
"LG Led smart tv 48 inch with stand and sound bar,,must Collect Or pay Delivery",Pre-owned,Â£155.00
"32"" JVC black flat screen wide LCD TV",Pre-owned,Â£40.00
"LG Quantum Dot NanoCell 50QNED816QA 50"" 4K Ultra HD Smart TV",Brand new,Â£679.00
New listingBang & Olufsen Beovision 8-32 TV with Remote & Lead,Pre-owned,Â£145.00
"Sharp 42EH2K 42"" UHD 4K Smart TV HDR10 support (High Dynamic Range) Bluetooth",Brand new,Â£242.06
large flat screen LG 4K OLEF TV,Pre-owned,Â£250.00
LG UH770V 55 inch 4k smart tv,Pre-owned,Â£58.00
Samsung Smart Led 3D Tv Model No UE40H6400AK With Controller & ManualsCharity item,Pre-owned,Â£53.50
Bush VM19HDLED 19 Inch HD Ready Freeview HD LED TV - Warranty,Opened â€“ never used,Â£114.45
New listingSharp 32 inch TV,Pre-owned,Â£30.00
Samsung 24â€ Curved TV,Pre-owned,Â£75.00
LG 65â€ Smart tv,Pre-owned,Â£275.00
"CELLO 19"" INCH LED 12v 24v TV TRAVELLER  TV DVD FREEVIEW HD & SAT CARAVAN TV",Brand new,Â£169.99
Panasonic TX-32LS490B LED Full HD 32'' Smart TV (No Stand/Alt Remote/Scratch) C-,Pre-owned,Â£139.49
"Samsung TU7020 43"" Ultra HD Smart 4K HDR TV - Black",Pre-owned,Â£137.00
"New listingSony KDL-40EX503 40"" HD LCD TV",Pre-owned,Â£40.00
Logik L24LDIB11 1080p LED 24â€ Inch 12v Volt TV Freeview USB HDMI Television,Pre-owned,Â£59.99
New listingHitachi 55HK6100UA,Pre-owned,Â£51.00
SONY KDL-22E5310 TV USED BUT IN GOOD WORKING ORDER,Pre-owned,Â£19.99
32 inch smart tv with box,Pre-owned,Â£60.00
Sony bravia 40â€ KDL-40v3000 LCD TV 1080PCharity item,Pre-owned,Â£5.00
"CELLO 32"" inch 12v volt LED TV DVD & SAT FREEVIEW HD HDMI & USB CARAVAN TV",Brand new,Â£249.99
"FERGUSON 24"" inch LED TV FREEVIEW HD HDMI, USB & VGA - BRAND NEW - FAST DELIVERY",Brand new,Â£119.99
"SAMSUNG QE50Q60BAUXXU 50"" Smart 4K Ultra HD HDR QLED TV FREE 5 YEAR WARRANTY",Brand new,Â£532.00
Toshiba Toshiba UK4D 55 inch 4K HDR Smart TV with Alexa 55UK4D63DB,Brand new,Â£399.00
"Maxim Tv & Dvd Combi 14"" CRT TV Retro Gaming - See Description",Pre-owned,Â£59.99
"Sony 50"" 4K Flagship Smart Ultra HD LED TV (KDL-50W815B)",Pre-owned,Â£119.99
LG 28mt48s-pz 28inch smart tv,Pre-owned,Â£31.00
"LG OLED65G26LA 65"" Smart 4K Ultra HD HDR OLED TV (SMASHED SCREEN)",Parts only,Â£220.00
Samsung 28â€ HD TV,Pre-owned,Â£50.00
"New listing19""2022 Waterproof Bathroom LED Mirror FULL SMART ANDROID TV WIFI ETHERNET SALE",Brand new,Â£315.00
"65"" Samsung QE65QN900ATXXU Flagship 8K HDR Neo QLED TV",Pre-owned,Â£599.99
Television 60 Inch sharp aquos,Pre-owned,Â£97.99
"SAMSUNG 43"" FULL HD LED TV SMART QUADCORE PROCESSOR BLACK VGC",Pre-owned,Â£100.00
Philips 55 Ambilight Oled TV  754/12,Pre-owned,Â£485.00
Panasonic Viera TV,Pre-owned,Â£19.20
"Samsung UE55BU8000 55"" Crystal UHD 4K HDR Smart TV",Brand new,Â£475.00
New listingLG 55inch tv with separate Bluetooth sound bar and subwoofer speaker ,Pre-owned,Â£300.00
"LG OLED55C6V 55"" Smart 3d OLED Ultra HD HDR 4k TV - What HI FI 5* - Dolby Vision",Pre-owned,Â£112.00
Philips Matchline Flat TV 15pf9925,Pre-owned,Â£35.00
Cello C50FVP 50â€³ Smart Full HD LED TV- #40,Opened â€“ never used,Â£235.00
New listingJVC 32 inch LED Smart TV With DVD Player,Parts only,Â£14.99
bush 32 inch Smart tv,Pre-owned,Â£30.00
"Lg 55uh661v. Ultra Hd TV.  55""screen. Spares or Repair.",Parts only,Â£41.00
"Hisense 40A5600FTUK 40"" 1080p HD HDR Smart TV Television ",Pre-owned,Â£122.00
Sony Bravia KD-55X8509C 55 Inch 4K UHD HDR 3D LED Android TV,Pre-owned,Â£250.00
"Panasonic Smart VIERA TX-L32E30B 32"" HD 1080p LCD TV with Freeview",Pre-owned,Â£99.00
New listing65'' LG ULTRA HD 4K TV,Pre-owned,Â£350.00
"Panasonic TX-55LX650B (2022) 55"" 4K Ultra HD LED HDR Android Smart TV C Grade",Very Good - Refurbished,Â£319.99
"Samsung F22T350FHU 22"" Monitor",Pre-owned,Â£15.00
"New Other Toshiba 32LL3C63DB (2021) 32"" SMART Full HD HDR LED TV Freeview Play",Opened â€“ never used,Â£152.99
"LG 50QNED816QA (2022) 50"" QNED 4K Ultra HD HDR Smart TV Grey C Grade No Accs",Pre-owned,Â£299.99
"Panasonic TX-50LX650B (2022) 50"" LED HDR 4K ULtra HD Smart Android TV",Excellent - Refurbished,Â£361.24
New listingSamsung 50 Inch UE50AU7100 Smart 4K Crystal UHD HDR TV,Pre-owned,Â£298.78
New listingSamsung 22in LED TV. White frame,Pre-owned,Â£35.00
New listing24''Â  Â Samsung colour LCD TV ,Pre-owned,Â£30.00
New listingToshiba television 39â€™ Mint Condition,Pre-owned,Â£250.00
CELLO 24â€³ Inch SMART ANDROID TV FREEVIEW PLAY & GOOGLE ASSISTANT WiFi BRAND NEW,Brand new,Â£154.99
"Samsung UE58AU7100K 58"" 4K Ultra HD HDR Smart TV 2021 ",Pre-owned,Â£329.00
"T4tec TT3213UH 32"" HD Ready LED TV with Freeview HD",Brand new,Â£139.00
Samsung Q80B 50 Inch QLED HDR Smart 4K TV QE50Q80BATXXU,Brand new,Â£699.00
New listing49JL9000. 49 inch smart tv + sound bar. NO POSTAGE. Pick-up only.,Pre-owned,Â£10.50
48 Samsung UE48JS9000 Curved 4K SUHD Freeview HD Freesat HD Smart 3D LED TV,Pre-owned,Â£259.99
"LG 43LM6300PLA - 43"" - LED Full HD (Smart TV)",Brand new,Â£100.00
"SAMSUNG QE50Q60BAUXXU 50"" Smart 4K Ultra HD HDR QLED TV with Bixby and Alexa",Opened â€“ never used,Â£469.00
Samsung 4k UHD HDR 55 inch TV CS D22Charity item,Pre-owned,Â£200.00
"Hisense R50B7120UK 50"" 4K Direct-lit LED Smart TV - Black COLLECTION ONLY U",Pre-owned,Â£219.99
47 inch tv slimline neon tv. In fine working order just unused. Collection only,Pre-owned,Â£80.00
JVC 32 inch Smart fire tv,Pre-owned,Â£49.00
"Sharp 42CG2K - 42"" - Full HD LED (Smart TV)",Pre-owned,Â£101.00
Disney Pixar Cars TV DVD Player Mack Truck 19â€ Red LCD Kids SUPER RARE Read Disc,Pre-owned,Â£99.99
32 inch Samsung TV,Pre-owned,Â£28.00
panasonic tv 50AS650 ,Pre-owned,Â£125.00
"Samsung Smart TV UE48JU6500 48"" 2160p UHD LED Internet TV",Pre-owned,Â£52.00
"Samsung  7 Series - 49"" curved 4k smart  TV broken",Parts only,Â£50.00
sony 40 inch tv,Pre-owned,Â£45.00
samsung 50 inch smart tv 4k,Pre-owned,Â£180.00
"9""/10""/12""/14"" Portable 1080P Ultra-HD TV 12V HDMI HD Digital Television Player",Brand new,Â£84.54 to Â£126.34
"Sharp 4T-C42CL3KF2AB 42"" SMART 4K Ultra HD HDR Android LED TV Freeview HD",Certified - Refurbished,Â£229.99
"Panasonic 65"" 4K HDR Smart 100Hz Freeview Play UHD LED TV",Opened â€“ never used,Â£399.99
Smart Samsung 27 Inch Television Model T27D390S With Remote No Stand,Pre-owned,Â£40.00
"Panasonic TX-L50E6B 50"" Widescreen FULL HD Smart Viera Silver LED TV 1080P SLEEK",Pre-owned,Â£91.00
19 lcd tv TECHNIKA (see Description),Pre-owned,Â£10.00
Samsung 28 Inch HD TV LT28C570EW/EN,Pre-owned,Â£15.00
samsung 49 inch smart tv,Pre-owned,Â£100.00
"Sharp 1T-C32BC3KH2FB 32"" Smart HD Ready LED TV Freeview Play C Grade No Stand",Pre-owned,Â£110.99
LG OLED 77,Brand new,"Â£2,199.00"
"Samsung QE55S95B (2022) 55"" OLED HDR 4K Ultra HD Smart TV TVPlus/Freesat C Grade",Very Good - Refurbished,Â£815.99
Samsung full HD TV 49 inch,Pre-owned,Â£120.00
LG 49inch TV used in good condition 49UH661V,Pre-owned,Â£22.00
"Cello C1420DVB 14"" Portable Digital TV, 12v 240v, Rechargeable, Battery & Mains",Opened â€“ never used,Â£84.99
lg 43 inch smart tv,Parts only,Â£6.00
"New listingSamsung 22"" LED HD Ready TV LT22A300",Pre-owned,Â£43.00
"LG OLED48A16LA 48"" OLED 4K Ultra HD Smart TV - Black",Pre-owned,Â£260.00
"Samsung UE43AU9000 43"" Inch Smart TV 4K UHD HDR TV with Google, Alexa & Bixby",Opened â€“ never used,Â£329.99
"LG 55NANO766QA 55"" 4K Ultra HD HDR Nanocell Smart TV 2022",Brand new,Â£549.00
"New Panasonic TX-24LS480B 24"" SMART HD Ready HDR Android LED TV Freeview Play",Brand new,Â£239.99
"Sharp 42"" Full HD Smart TV Freeview HD Play USB Media Player PVR Netflix & Prime",Brand new,Â£229.99
"Samsung UE70TU7100K 70"" 4K Ultra HD HDR Smart TV Television",Parts only,Â£29.00
"Hisense 55AE7400FTUK 55"" Smart 4K Ultra HD LED TV  SCREEN DAMAGE",Pre-owned,Â£119.00
Sony bravia 43 inch smart TV,Brand new,Â£155.00
"New listingPhilips 55PUS7906-12 4K Ultra HD 55"" Android Smart TV",Pre-owned,Â£100.00
New listingsamsung curved 4k 55 inch smart tv ,Pre-owned,Â£0.99
New listingLg OLED Tv 55,Parts only,Â£60.00
New listingPanasonic 58in smart tv TX-58J800B,Pre-owned,Â£200.00
"JVC LC-32C365 32"" LCD TV Built-in DVD  Player HD Ready Freeview & Remote",Pre-owned,Â£40.00
Panasonic 47 Inch TV - GREAT Condition!,Pre-owned,Â£130.00
"New listingLG OLED65C14LB (2021) 65"" Smart 4K Ultra HD OLED TV, Freeview Play/Freesat HD",Pre-owned,Â£890.00
"55"" LG OLED55A16LA 4K HDR Smart OLED TV - BARGAIN PRICE - AMAZING DEAL!",Pre-owned,Â£449.99
LG 32LK450U TV,Pre-owned,Â£0.99
"65"" LG OLED65C14LB 4K HDR Smart OLED TV - AMAZING DEAL - TRUSTED SELLER",Pre-owned,Â£899.99
"55"" LG 55SK8500PLA 4K Super Ultra HD Nano Cell HDR Smart LED TV",Pre-owned,Â£229.99
sony tv,Pre-owned,Â£21.00
Samsung Black 40â€ Smart LED TV Series 6 ,Pre-owned,Â£57.00
Panasonic TX-24CS500B 24 inch LCD Smart TV,Pre-owned,Â£74.99
New listingHisense 55U7QFTUK 55â€ 4K Ultra HD HDR Smart ULED TV Freeview Play,Pre-owned,Â£349.99
Luxor 22â€  black TV  Freeview hdmi dvd,Pre-owned,Â£40.99
Hisense 70A6BGTUK 70 Inch LED 4K Ultra HD Smart TV Yes HDMI Dolby Vision,Brand new,Â£656.00
"LG 32LQ63006LA (2022) 32"" Smart Full HD 1080p HDR LED TV, Freeview Play HD",Opened â€“ never used,Â£199.99
samsung 55 inch smart tv 4k,Pre-owned,Â£215.00
"Sony Bravia KD85XF8596 85"" 4K Ultra HD HDR LED Android Smart TV",Pre-owned,Â£821.00
Sony Smart TV 60 Inch Bravia Used,Pre-owned,Â£249.00
"Samsung The Frame QE32LS03TCUXXU 32"" Full HD QLED Smart TV",Opened â€“ never used,Â£260.00
Baird TV 65â€ uhd,Pre-owned,Â£250.00
Samsung 55 inch Smart TV Ultra High Definition 4k,Pre-owned,Â£190.00
"Panasonic 58"" 4k UHD Smart TV- TX-58EX750B",Pre-owned,Â£168.00
"2019 55"" Q80R QLED 4K HDR 1500 Smart TV (STAND ONLY)",Brand new,Â£60.00
"Samsung UE43BU8500 43"" Crystal UHD 4K HDR Smart TV",Brand new,Â£439.00
"LG OLED55B6V - 55"" UHD 4K TV",Pre-owned,Â£124.00
"Panasonic TX-P42V10B 42"" Plasma 1080P Freeview TV with stand and remote control",Pre-owned,Â£20.00
"Samsung UE43BU8000K 43"" Crystal 4K Ultra HD HDR Smart TV (2022) (Mark on Screen)",Pre-owned,Â£219.95
Akai AKTV3228 32â€ HD LED TV,Brand new,Â£179.00
New listingSony Bravia KDL40HX853 40  3D TV,Pre-owned,Â£100.00
"Samsung UE40MU6120K 40"" Ultra HD LED Smart TV",Parts only,Â£2.20
Sharp 32in TV Model Number LC32CHE4041k,Pre-owned,Â£10.00
New listing(Grade A) Sharp 40BJ3K 40 inch 4K Ultra HD HDR Smart TV 4K UHD Smart TV,Pre-owned,Â£225.49
"Sony 42"" Smart Full 1080p Freeview/Freesat HD LED TV - (KDL-42W705b)",Opened â€“ never used,Â£259.99
"New listingSamsung UE40H5000AK LED HD 1080p TV, 40"" with Freeview HD",Pre-owned,Â£40.00
Sony KD49XH8196BU 49'' 4K UHD Smart TV - Black,Opened â€“ never used,Â£338.00
Disney Pixar Cars Lightning McQueen TV Retro Gaming TV Please Read Description,Pre-owned,Â£49.99
Samsung 22 Inch Television - LE22D450G1W,Pre-owned,Â£18.00
"Pioneer Kuro PDP-LX5090 50"" 1080p HD Plasma Television",Pre-owned,Â£79.99
Toshiba 22 inch 22D1334B Full HD1080p TV with Built-in DVD Freeview,Pre-owned,Â£59.00
Hitachi 42â€ TV,Pre-owned,Â£15.00
LG Smart TV 139cm,Parts only,Â£31.00
Samsung UE46ES8000 46 Inch Smart 3D Full HD LED Tv,Pre-owned,Â£99.00
Hisense 55E7HQTUK 55 Inch QLED 4K Ultra HD Smart TV.,Opened â€“ never used,Â£360.00
37â€™â€™ philips tv,Pre-owned,Â£80.00
"LG 43UQ91006LA 43"" 4K Ultra HD HDR Smart LED TV 2022",Brand new,Â£399.00
"JVC 22"" TV with Built In DVD Player",Pre-owned,Â£0.99
Bush 32 inch TV.    Collection only woodchurch /wirral,Pre-owned,Â£30.00
19â€ Toshiba TV/DVD Player With Remote,Pre-owned,Â£0.99
LG 55NANO86 55 Inch 4K Ultra HD HDR Smart LED TV 120Hz Gaming TV,Pre-owned,Â£325.00
"Sony KD-55XH8196 55"" 2160p (4K) LCD Smart TV",Pre-owned,Â£160.00
"LG 50UQ75006LF 50"" 4K Ultra HD Q75 LED HDR Smart TV",Brand new,Â£369.00
Samsung TV UE32F6100AK,Pre-owned,Â£100.00
Panasonic tv 50 inch,Pre-owned,Â£38.00
"JVC LT-24CA120 Android TV 24"" Smart HD Ready HDR LED TV with Google Assistant",Opened â€“ never used,Â£145.13
JVC LT-32C490 32 HD Ready LED TV,Pre-owned,Â£62.00
"LG 65UQ75006LF 65"" 4K Ultra HD HDR Smart LED TV",Brand new,Â£529.00
"Panasonic Viera TX-L26X20B: 26"" HD Ready LCD TV ",Pre-owned,Â£24.99
Samsung 32inch TV. LE328450C4W. With Power Cable. No Remote Control.,Pre-owned,Â£15.00
"4K HDR Smart TV Samsung UE55NU7100 55-Inch, UHD Certified/HDR10+, Energy Class A",Pre-owned,Â£300.00
New listingAvtex 219DSFVP 21.5 inch 12V / 240V Connected HD TV with Freeview Play,Pre-owned,Â£150.00
"Samsung 55"" HDR Smart 4K TV + FREE SOUNDBAR & WALL BRACKET",Pre-owned,Â£220.00
"Matsui M16LID709 16"" HD Ready TV 16 inch internal DVD player bedroom / kitchen",Pre-owned,Â£39.99
New listingSony Bravia 42 1080p 3D TV and Sony soundbar with sub woofer ,Pre-owned,Â£108.00
Used 55â€ hitachi tv. 5 Years Old,Pre-owned,Â£79.00
Samsung 43'  4k HDR smart tv - crystal colour,Pre-owned,Â£200.00
"LG 24TN510S 24"" 50 Hz, Freeview HD ,  HDMI , FreeSat , Smart LED TV HD Ready",Very Good - Refurbished,Â£114.99
"LG 43UQ75006LF 43"" Ultra HD Smart TV",Brand new,Â£314.90
"Toshiba 32D1333DB D1 Series - 32"" LED-backlit LCD TV - HD",Parts only,Â£0.99
Philips 32PFS6855 (Silver) 32 inch HDR Smart LED TV Full HD Freeview Play,Brand new,Â£159.00
New listingsony bravia tv kdl-32ex403,Pre-owned,Â£30.00
hitachi 40â€tv,Pre-owned,Â£7.50
panasonic tx-39a300b  LCD TV,Pre-owned,Â£14.20
TV LG 42LD450 with TV stand,Pre-owned,Â£40.00
Panasonic 42 inch tv and Stand,Pre-owned,Â£15.10
"58"" Panasonic TX58GX820B Ultra HD 4K Freeview HD HDR Smart  LED TV",Pre-owned,Â£269.99
"Philips 55PUS7906-12 4K Ultra HD 55"" Android Smart TV",Brand new,Â£509.00
Samsung Smart HD TV 32â€ Black,Pre-owned,Â£62.00
sony Bravia kd-65x9005c tv spares or repairs ,Parts only,Â£69.99
Toshiba 3-D LED TV With is Google Chrome TV,Pre-owned,Â£45.00
"Sony Bravia 49XD8077 LED HDR 4K Ultra HD Android TV, 49"" WORKING",Pre-owned,Â£87.00
Panasonic Television TX50DX750B 4K 3D HDR TV Immaculate Condition RRP Â£799,Pre-owned,Â£224.99
"Samsung QE55Q700TAT 55"" 8K QLED Smart TV",Pre-owned,Â£314.00
lg 47 inch tv,Pre-owned,Â£100.00
LG FLATRON M2294D 22inch LCD TV With Remote,Pre-owned,Â£18.00
sony bravia 32 inch tv Kdl 32ex310,Pre-owned,Â£25.00
"New listingSamsung UE85BU8000 85"" 4K LED Smart TV #LF51765",Very Good - Refurbished,"Â£1,049.00"
"Toshiba 43UK4B63DB 43"" Smart TV",Pre-owned,Â£155.00
Cello C3220G 32â€ Smart Android LED TV - Black - OPENED NEVER USED,Opened â€“ never used,Â£139.00
Samsung UE43KU6000K 42.5â€ 4K HDR Smart Ultra HD LED Freeview TV,Pre-owned,Â£104.00
samsung 43 inch qled tv plus Samsung Soundbar,Pre-owned,Â£150.00
Slim 23 Tv Samsung great Working Condition,Pre-owned,Â£45.00
New listingSamsung Hospitality HT690U 43 Inch 4K Ultra HD Smart TV Black (SPARES),Parts only,Â£59.00
"Panasonic TV, 50DX802B LED HDR 4K Ultra HD 3D Smart TV 50"" With Sound Bar",Pre-owned,Â£440.00
SONY BRAVIA KDL-52X2000 FULL HD TV 1080P,Pre-owned,Â£150.00
Lg 60 Inch Tv..NO RESERVE..fully Working..Plasma Smart Tv spares Or Repair,Pre-owned,Â£50.00
"Samsung UE50TU7020K 50"" Ultra HD LED Smart TV - Black",Pre-owned,Â£300.00
"Samsung T24D390S 24"" Smart Full HD 1080p LED TV with Freeview Wifi",Pre-owned,Â£50.00
ğŸ“º B&O TV :: Bang & Olufsen BeoVision 1 :: Motorised Stand :: Dark Blue,Pre-owned,Â£99.00
"LG OLED42C24LA 42"" 4K OLED 4K Smart TV - Black",Opened â€“ never used,Â£789.00
New listingSamsung THIN LINE UE43TU7100 HDR 4K Ultra HD Smart TV,Pre-owned,Â£169.99
"Sony Bravia KD55AF9 OLED HDR 4K Ultra HD Smart Android TV, 55""",Pre-owned,Â£440.00
Sony Bravia KDL- 32EX713 LED Full HD DIGITAL  TV In  VGC,Pre-owned,Â£70.00
Philips 43PUS8507-12 4K Ultra HD Smart HDR Ambilight Aurora,Brand new,Â£479.00
New listingPanasonic Viera Plasma 42in TV tX-P42G10B,Pre-owned,Â£150.00
Hisense 55AE7000FTUK 55-inch 4K UHD HDR Smart TV Freeview play **'Broken LCD***,Pre-owned,Â£149.95
samsung ue49ru7300k Curved Smart TV,Pre-owned,Â£50.00
"Toshiba 55"" 4k smart tv",Parts only,Â£35.00
Digihome 49 Inch SMART 4K Ultra HD LED TV Freeview Play (49298UHDLEDCNTD),Pre-owned,Â£69.99
Sony 32 ins TV. In reasonable condition. Three years old,Pre-owned,Â£1.20
"JVC LT-40C890 40"" SMART 4K ULTRA HD HDR WIFI LED TV FREEVIEW PLAY TUNER HDMI USB",Pre-owned,Â£71.99
32 Samsung UE32D5000 Full HD 1080p Digital Freeview LED TV,Pre-owned,Â£65.00
Vintage Toshiba 14â€™â€™ CRT TV Retro Gaming VHS VCR Player Tested Working Colour Tv,Pre-owned,Â£69.99
"LG 55UQ81006LB (2022) 55"" Smart 4K Ultra HD LED TV, Freeview HD, WebOS *EXD*",Opened â€“ never used,Â£349.99
"JVC LT-32C490 32"" HD Ready (720p) LED TV - Black",Very Good - Refurbished,Â£124.99
"EMtronics 32"" Inch HD Ready 720p LED TV with 2 x HDMI and USB Port  - White",Brand new,Â£149.99
Shop on eBay,Brand New,$20.00
"New listingEMtronics 32"" Inch HD Smart TV with Wi-Fi, Freeview T2, 3x HDMI, 2x USB PVR",Opened â€“ never used,Â£154.00
"EMtronics 32"" Inch HD Ready LED TV with Built-in DVD Player and USB Media Player",Opened â€“ never used,Â£149.99
"EMtronics EM40HDRW 40"" Inch Full HD 1080p LED TV with Freeview HD - White",Brand new,Â£199.00
"Sharp 40"" Inch 4T-C40BJ5KF2FB Ultra HD 4K LED Smart TV with Harman Kardon Sound",Pre-owned,Â£246.99
"Samsung UE32T4300AK 32"" 768p LED Smart TV - Black",Pre-owned,Â£45.00
samsung 55 inch smart tv 2021 4k,Parts only,Â£55.00
"New listingPanasonic 65"" Curved 3D 4K Pro Flagship Smart 1600Hz Freeveiw/Freesat UHD LED TV",Pre-owned,Â£399.99
Samsung HG32T5300EEXXU HT5300 32'' LED-Backlit LCD Full HD Hotel Commercial TV,Brand new,Â£199.00
"Samsung UE55AU7100KX 55"" AU7100 UHD 4K HDR Smart TV",Brand new,Â£529.00
"50"" Samsung QE50Q60TAUXXU Crystal 4K Quantum HDR Smart QLED TV'BARGAIN PRICE''",Pre-owned,Â£199.99
LG 42LB580V 42 inch 1080p LED Smart TV,Pre-owned,Â£56.00
LG 43 Inch 4K Ultra HD Smart TV 43UJ635V Excellent Condition,Pre-owned,Â£102.00
"Sony Bravia KDL-32EX403 32"" 1080p HD LCD Internet TV",Pre-owned,Â£30.00
TCL 40RS520K 40 inch 1080p FHD LED TV,Very Good - Refurbished,Â£189.99
"JVC LT-32C601 32"" Smart HD Ready HDR LED TV - White",Very Good - Refurbished,Â£169.99
"Hitachi 55"" 4K Ultra HD with HDR LED Play Smart TV COLLECTION ONLY U",Pre-owned,Â£279.99
PHILIPS OLED TV 55POS9002 SMART ANDROID AMBILIGHT 4k 55,Pre-owned,Â£320.00
New listingSamsung 65 inch 4K TV,Parts only,Â£0.99
"LG OLED55B8SLC 55"" Premium 4K Ultra HD HDR Smart OLED TV (2018 Model) - Black",Pre-owned,Â£250.00
New listing Samsung LE23T51B -  HD LCD Television,Pre-owned,Â£29.99
LG 50UN73006LA  50 Inch Smart TV 2020 Model 4K,Pre-owned,Â£240.00
Samsung Plasma 51  TV,Pre-owned,Â£30.00
Sharp BL5 55 Zoll 4K LCD Smart TV - Black,Pre-owned,Â£150.00
Loewe Connect 26 26-inch 1080p HD LCD TV (no Remote) - CS S81 Charity item,Pre-owned,Â£19.99
Samsung 40â€ LCD TV UE40D5520,Parts only,Â£0.01
LG 32LB75 TV - 32-inch LCD HD 16:9 - With Remote and Stand,Pre-owned,Â£40.00
"New listing49"" LG 49SM9000PLA 4K Super Ultra HD Nano Cell HDR Smart LED TV",Pre-owned,Â£249.99
Sony 40 inch LCD Bravia flat screen television - KDL-40P3020,Pre-owned,Â£0.01
"Philips 43PUS7556 43"" 4K LED Smart TV - Matt Black",Very Good - Refurbished,Â£249.99
"JVC LT-24C600 24"" Smart HD Ready LED TV",Very Good - Refurbished,Â£114.99
"SAMSUNG UE43TU7020KXXU 43"" Smart 4K Ultra HD HDR LED TV",Very Good - Refurbished,Â£299.99
"JVC LT-32C605 32"" Smart HD Ready LED TV with Built-in DVD Player",Very Good - Refurbished,Â£159.99
"Toshiba 32bv500b 32"" TV. No remoteÂ ",Pre-owned,Â£20.00
"49"" LG 49UH620V 4K Ultra HD Freeview HD Smart HDR LED TV - BARGAIN!",Pre-owned,Â£229.99
hisense 32 inch TV,Pre-owned,Â£99.00
Sony Bravia LCD Digital Colour TV KDL32EX310,Pre-owned,Â£120.00
tv philips 17â€ 44cm retro working with control in box CASH ON COLLECTION ONLY,Pre-owned,Â£50.00
"Toshiba 50UL2163DBC 50"" 4K Ultra HD LED Smart TV Collection Only U",Pre-owned,Â£219.99
"Blaupunkt 24"" HD Smart TV with Freeview Play, Netflix, Prime Video BF24H2112CGKB",Brand new,Â£149.99
"Digihome 50552UHDHDRS 50"" 4K Ultra HD Smart TV",Brand new,Â£349.00
"T4tec TT43UHD21K 43"" 4K UHD Smart TV with webOS and Magic Remote",Brand new,Â£249.00
lg 32 inch led tv free Local Delivery ,Pre-owned,Â£45.00
New listingSAMSUNG 50 inch LED SMART HD TV SPARES OR REPAIR,Parts only,Â£40.00
New listingLG 49UH770V 49 Inch  Smart TV  Faulty,Parts only,Â£45.00
"TCL 43P615K 43"" 4K UHD HDR Android Smart TV television",Brand new,Â£199.00
samsung 55 inch smart tv No Reserve..Fully Working But Spares Or Repair (screen),Pre-owned,Â£29.00
Samsung ue49mu6400  TV Smart Tv 49â€,Parts only,Â£60.00
"Samsung UE32T5300AK 32"" 1080p LED Smart TV - Black",Pre-owned,Â£83.00
Philips 70PUS7805/12 70 Inch 4K Ultra HD Smart Ambilight TV,Opened â€“ never used,Â£680.00
"Samsung UE32T5300 Smart TV 32"" LED HDR Full HD 1080p with TVPlus [ID709428160]",Opened â€“ never used,Â£179.90
toshiba 43 inch HD TV.,Pre-owned,Â£91.00
"NO STAND INCLUDED, SAMSUNG 32 TV SMART FREEVIEW HD WHITE full hd 1080p",Pre-owned,Â£139.00
JVC FIRE TV EDITION 55 INCH SMART 4K HDR LED TV  SCREEN SCRATCH + poss repair,Pre-owned,Â£100.00
Bang & Olufsen Beovision 10 40â€ With 3x Hdmi Connections and Beo4 Remote,Pre-owned,Â£280.00
Techwood 32AO10FHD 32 Inch LED 1080p Full HD Smart TV WiFi,Brand new,Â£166.00
Sony KDL-40W5710 40 inch 1080p Full HD TV,Pre-owned,Â£5.00
"SAMSUNG LE40C650 40"" inch Full HD 1080p LCD Television TV with Freeview HD",Pre-owned,Â£8.72
"Samsung QE65S95B (2022) OLED 4K Smart TV 65"" (No Stand/Bent/Scratch/Alt Remote)C",Good - Refurbished,Â£899.49
Philips TPVision 55PUS7607 55 Inch LED 4K Ultra HD Smart TV 3 HDMI Dolby Vision,Brand new,Â£406.00
"LG OLED42C24LA 42"" OLED 4K Ultra HD C2 HDR Smart TV 2022 with Dolby Atmos",Opened â€“ never used,Â£799.95
"Samsung 95"" huge LED TV Monitor model ME95C LH95MECPLBC/EN with intact screen",Parts only,Â£33.00
"New listingSamsung 65"" QLED 4K Ultra HD TV (QE65Q90TATXXU) *Cracked Screen*",Parts only,Â£49.99
"New listingLG 49UF640V 49 Inch 4K Ultra HD Freeview HD Smart TV.screen dark ,spare or rep",Pre-owned,Â£50.00
SAMSUNG LE32D400E1W 32 Inch TV with remote,Pre-owned,Â£20.00
"Qantec 50"" Smart TV with Android TV Full Ultra HD With Freeview HD - QT5023DLEDS",Brand new,Â£290.00
sony trinitron crt tv KV-14T1U,Pre-owned,Â£27.20
"Toshiba 43UK4D63DB 43"" 4k Ultra HD Smart TV - Black",Brand new,Â£200.00
Samsung smart televisions,Pre-owned,Â£5.50
"SAMSUNG UW-17J11VD 17"" CRT TV COLOUR TELEVISION DVD VHS VIDEO COMBO ANALOGUE",Parts only,Â£39.99
"Hisense 65A6BGTUK 65"" A6BG 4K Ultra HD Smart TV with Dolby Vision (2022)",Brand new,Â£479.00
LG 55 inch 4k smart tv - modelÂ 55UH615V - great condition,Pre-owned,Â£209.00
Samsung 46 inch Plasma TV with stand & FREE FIRE STICK,Pre-owned,Â£100.00
"Samsung UE65AU7100 65"" UHD 4K HDR Smart TV",Brand new,Â£679.00
"Bang & Olufsen Beovision MX4002 (Black) USED, REMOTE included",Pre-owned,Â£5.50
"55"" Sony KD55X8509C 4k Ultra HD Freeview HD Smart Android LED TV - GREAT DEAL",Pre-owned,Â£329.00
"Panasonic 55"" 4K Pro 3D Flagship Smart 1600Hz Freeveiw Play/Freesat UHD LED TV",Opened â€“ never used,Â£379.99
"Sony Bravia TV, 40 inch KDL40W2000",Pre-owned,Â£18.00
SONY BRAVIA  LCD TV KDL- 46D3500,Pre-owned,Â£25.00
KD-65X8507C SONY SMART TVÂ  VERY GOOD CONDITION,Pre-owned,Â£450.00
bush 40  hd tv with stand and remote control,Pre-owned,Â£55.00
"LG Flatron LED 22"" TV Model-M2280D",Pre-owned,Â£9.99
"Toshiba 58UA2B63DB 58"" SMART 4K Ultra HD HDR LED TV Freeview HD",Certified - Refurbished,Â£359.99
"Samsung QE55Q70T 55"" (4K) QLED Smart TV",Pre-owned,Â£380.00
New listingsamsung 85qn95a smart tv 4k flagship ,Brand new,"Â£2,399.00"
"SAMSUNG UE32T4300 32"" Smart HD Ready HDR LED TV Freeview HD TV Plus Catch Up TV",Opened â€“ never used,Â£189.95
Samsung UE55NU7100 55-Inch 4K Ultra HD Certified HDR Smart TV - Charcoal...,Pre-owned,Â£165.00
"New listingTCL 32RS520K Roku 32"" Smart HD Ready LED TV",Opened â€“ never used,Â£159.00
"TV JVC LT32C790 32""  Full HD 1080p Freeview Play Smart LED TV",Pre-owned,Â£95.00
"LG 50"" inch Active Full HD 1080p 3D Plasma Smart TV Freevi. NO RESERVE",Pre-owned,Â£150.00
Bang and Olufsen TV - 40â€ Beovision 7 & Stand,Pre-owned,Â£90.00
New listingtelevisions,Pre-owned,Â£100.00
PANASONIC TV FLAT SCREEN 26INCH,Pre-owned,Â£0.99
"Samsung Smart TV LE32A457C1D 32"" 720p HD LCD Television",Pre-owned,Â£30.00
"LG 82UN85006LA 82"" 4K UHD LED Smart TV",Brand new,Â£700.00
"BLAUPUNKT LED TV 39"" with STAND USED ",Pre-owned,Â£15.00
PANASONIC TX-P55ST50B,Pre-owned,Â£0.99
Philips 55PUS6262 55 Inch 4K UHD HDR Ambilight Smart TV,Pre-owned,Â£145.00
Panasonic TX55CX802B 55 inch 4K Ultra HD Smart LCD TV with Freeview Play [USED],Pre-owned,Â£4.20
"LG 65NANO766QA 65"" 4K Smart NanoCell TV",Brand new,Â£749.00
LG  TV 42 Inch,Pre-owned,Â£50.00
Sony Bravia 43â€ Smart 4K UltraHD TV KD-43X8305C,Pre-owned,Â£141.00
"43"" LG 43UK6470PLC 4K Ultra HD HDR Freeview Play Smart LED TV",Pre-owned,Â£169.99
Sony Bravia KD-55X8509C 55 Inch 4K UHD HDR 3D LED Android TV free delivery,Pre-owned,Â£485.00
"Toshiba 22DV500B 22"" TV - Freeview/HDMI - Remote - I3G543G",Pre-owned,Â£34.95
"SAMSUNG CURVED HD 4K TV 50"" SILVER EDGE SMART TV",Pre-owned,Â£175.00
lg 48 inch tv,Pre-owned,Â£90.00
lg 32 inch smart tv Hdr,Opened â€“ never used,Â£180.00
"TCL 43RP620K Roku 43"" Smart 4K Ultra HD HDR LED TV",Brand new,Â£114.00
"New listing28 "" Toshiba tv",Pre-owned,Â£20.00
"AVTEX W279TS 27"" Smart TV - 12v 27 inch Wifi Bluetooth FULL HD Television",Brand new,Â£380.00
"JVC LT-32C3210 32"" Smart HD Ready HDR LED TV",Very Good - Refurbished,Â£139.99
"Samsung 5 Series UE43J5500AK - 43"" LED Smart TV with p/cable, stand & remote",Pre-owned,Â£72.00
"LG  50"" LED Smart TV - 3D  Freeview Black",Pre-owned,Â£175.00
Panasonic TX-40CX680B TV - Used and working perfectly & original remote controlÂ ,Pre-owned,Â£50.00
Samsung UE85AU7100 85 Inch LED 4K Ultra HD Smart TV Bluetooth WiFi,Brand new,"Â£1,506.00"
LG 32'' Smart TV 32LQ630B6LA HD Ready with HDR & Wifi & WebOS & Freeview/ Fre...,Excellent - Refurbished,Â£169.00
Toshiba LCD colour TV 30inch,Pre-owned,Â£0.99
"Hisense 55U7HQT 55"" ULED Quantum Dot Television",Brand new,Â£549.00
"Samsung UE75TU7020 75"" HDR Smart 4K TV - Black Netflix YouTube ",Brand new,Â£699.00
Samsung UE32D5520 32-Inch Freeview HD 1080p LED SMART TV - Perfect Working Order,Pre-owned,Â£36.00
"Proofvision 19"" Waterproof Bathroom Television. READ DISCRIPTION CAREFULLY ",Opened â€“ never used,Â£27.00
Samsung 40 Inch Curved Tv,Pre-owned,Â£190.00
48 Samsung UE48HU7500 4k Ultra HD Freeview HD Freesat HD Smart 3D LED TV'',Pre-owned,Â£169.99
Panasonic 85ins HD TV,Pre-owned,Â£505.00
"Cello 24"" Inch HD Ready LED 12V Smart Android Traveller TV with Google Assistant",Brand new,Â£189.99
46 Inch Sony Bravia KDL46HX923 3D LED Smart TV & Remote Control,Pre-owned,Â£97.00
"Sharp 40"" Inch Full HD 1080p LED TV - Freeview HD - HDMI - USB - Black",Very Good - Refurbished,Â£199.95
Avtex W152D 12 Volt  15inch TV/DVD Combo Caravans Campervan Trucks Boats,Pre-owned,Â£69.99
samsung tv 75 inch Not Working,Parts only,Â£600.00
"43"" LG 43UK6470PLC 4K Ultra HD HDR Freeview Play Smart LED TV",Pre-owned,Â£149.99
"58"" Samsung UE58TU7100KXXU 4K HDR Crystal Smart LED TV''HUGE DISCOUNT''",Pre-owned,Â£219.99
"CELLO 24"" inch LED TV & DVD COMBI FREEVIEW HD HDMI, USB & VGA BRAND NEW ",Brand new,Â£159.99
AVTex W153D Portable 15â€ LCD TV DVD Player Caravans Campervans Trucks Boats,Pre-owned,Â£49.95
"New Panasonic TX-55LX650BZ 55"" SMART 4K Ultra HD HDR Android LED TV",Brand new,Â£529.99
LG 49UH850V 4K LED TV HDR Dolby Vision 3D 49â€,Pre-owned,Â£320.00
LG TV 43 Inch LED 4K Ultra HD Smart Yes HDMI Bluetooth WiFi 43UQ75006LF #LF51716,Excellent - Refurbished,Â£259.00
New listingAntique Panasonic TV,Pre-owned,Â£10.00
Samsung UHD 55 Inch Curved TV UE55HU8500 without The One Connect Box,Pre-owned,Â£60.99
"LG 70"" 4K UHD Smart TV - Black",Pre-owned,Â£300.00
"Samsung QE55Q65AAU 55"" 2160p 4K UHD HDR Smart QLED TV Television",Opened â€“ never used,Â£449.00
Samsung TV 50 inch (Not Smart) ,Pre-owned,Â£51.00
"JVC 40"" TV LT-40CF700 Fire TV Edition Smart Full HD LED with Amazon Alexa New",Brand new,Â£180.00
"Samsung The Frame 55"" 4KUHD QLED Art Mode Smart TV(No Accs/Cracked/Scratch)C",Pre-owned,Â£379.49
"New listing10"" Portable Digital Television 1024 x 600 Digital USB VGA AV HD in. LEADSTAR",Pre-owned,Â£53.00
Samsung UE32F6510SB 32â€ HD LCD Smart TV White,Pre-owned,Â£50.00
TV Wall Mount Bracket TILT For TV 32 37 40 42 47 50 55 60 65 inch LCD LED Plasma,Brand new,Â£11.79
"Sony Trinitron Kv-14FV1U VHS Player 14"" CRT RETRO GAMING ",Pre-owned,Â£62.00
"58"" Samsung UE58TU7100KXXU 4K HDR Crystal Smart LED TV''LOWEST PRICE EVER''",Pre-owned,Â£199.99
"Sony Bravia KDL-32R423A 32"" 720p HD LED Television",Pre-owned,Â£100.00
Hisense 55U8GQTUK 55 Inch ULED 4K Ultra HD Smart Television,Opened â€“ never used,Â£432.00
Panasonic Television 32 inch Black,Pre-owned,Â£5.00
Technika 19-208 TV - LCD19-208E - FREEVIEW - No remote - Still works as a TV,Pre-owned,Â£5.00
Samsung AU7100 85 Inch 4K HDR Smart TV UE85AU7100KXXU,Brand new,"Â£1,523.95"
SAMSUNG 49 INCH UE49NU7100KXXU SMART 4K UHD HDR TV,Pre-owned,Â£240.00
"Samsung QE55S95BATXXU 2022 55"" S95B OLED 4K Ultra HD Quantum HDR Smart TV",Brand new,"Â£1,149.00"
"7"" - 24"" Digital TV 12v 240v for Motorhome Caravan Boat DVB-T2 Freeview PVR ",Pre-owned,Â£9.89 to Â£144.41
"Philips 55PFL8008 55""  LED Ambilight Smart TV.",Parts only,Â£85.00
âœ¨Good Conditionâœ¨ LG 42 Inch LED TV 43LF510V HDMI All Accessories Included,Pre-owned,Â£48.00
New listingToshiba 24D3863DB - 24 inch smart HD TV - DVD combi,Pre-owned,Â£140.00
"New listingSamsung UE40MU6400U 40'' Ultra HD TV Excellent Condition, for wall bracket",Pre-owned,Â£185.00
Samsung 37 inch LED TV LE37B550,Pre-owned,Â£22.00
"Cheap Bargain Smart TV Television various Sizes Samsung, Sony & LG 49"" 50"" 55""",Pre-owned,Â£0.99
New listing32 inch tv,Pre-owned,Â£60.00
bush 50 inch tv,Pre-owned,Â£26.00
LG UP75 55UP75006LF 55 inch 2160p 4K UHD HDR LED Smart TV,Parts only,Â£50.00
7/9/10/12/14inch Portable 1080P HD TV Freeview HDMI Digital Television Player,Brand new,Â£88.99 to Â£115.99
Panasonic 103 Inch Plasma TV,Pre-owned,Â£999.00
50 Inch Samsung Tv (Not Smart),Pre-owned,Â£59.00
"JVC LT-32CF600 Fire TV 32"" inch Smart HDR LED HD TV With Built-in Amazon Alexa",Opened â€“ never used,Â£189.95
"Sony 22"" Playstation 2 PS2 Built in TV KDL-22PX300 With Remote And Controller",Pre-owned,Â£320.00
"LG 43"" 4K Ultra HD LED Smart TV",Pre-owned,Â£175.00
New listingloewe 32  individual FHD TV ,Pre-owned,Â£150.00
"Toshiba 65"" Ultra HD 4K Smart TV",Pre-owned,Â£250.00
"LG 55NANO766QA 55"" 4K Smart NanoCell TV",Brand new,Â£579.00
Mitsubishi TV Monitor  MT421S 42â€ LCD Flatscreen Commercial Television,Pre-owned,Â£59.99
New listingTecknika 46inch LCD Tv,Pre-owned,Â£70.00
"Panasonic Viera TX-P50VT20B 50in Plasma 3D TV, Wall  Bracket,Manual & 3D glasses",Pre-owned,Â£62.00
"Sony 55"" HD-55SD8505 SMART HD TV ",Pre-owned,Â£255.30
Toshiba 58 Inch 4K UHD TV,Pre-owned,Â£200.00
Samsung HG43EJ690UBXXU 43'' UHD Smart LED Commercial TV (Has 2.5cm Scratch),Opened â€“ never used,Â£249.00
panasonic tv,Pre-owned,Â£25.00
Sony Bravia 32 Inch KDL-32T2800 LCD COLOUR TV,Pre-owned,Â£30.00
tv monitor hdmi,Pre-owned,Â£10.00
Grundig 1510a,Pre-owned,Â£0.01
Phillips 50 inch Ambi Light 4k TV,Pre-owned,Â£325.00
"Sony 49"" 4K HDR TV - KD-49XF8096 (2018 Model)",Pre-owned,Â£199.00
Apple IPhone XS 256GB Space Grey Unlocked,Pre-owned,Â£52.00
"Samsung QE55QN95A 55"" Neo QLED 4K HDR Smart TV - Sand Carbon - TOP OF THE RANGE",Pre-owned,Â£450.00
New listingLG 43UJ634 43'' Ultra HD 4K Smart HDR TV with Wifi & WebOS & Freeview/ Freesat,Pre-owned,Â£180.00
"Samsung 32"" TV QLED Smart 1080p Full HD QE32Q50AA #LF51606",Excellent - Refurbished,Â£279.00
Sony KD-55XF8577 smart tv with Sony HT-SF200 soundbar,Pre-owned,Â£120.00
"Samsung QE65S95B (2022) 65"" SMART 4K Ultra HD HDR OLED TV C Grade",Very Good - Refurbished,"Â£1,149.99"
"CELLO 32"" INCH FREEVIEW HD LED TV WITH DVD 3 x HDMI, VGA & USB MADE IN UK.",Brand new,Â£164.99
Toshiba 43 inch 4K UHD TVÂ ,Brand new,Â£184.99
"Samsung 46"" UE46D8000 LED TV with 3D & accessories",Pre-owned,Â£120.00
samsung 49 inch tv broken screen,Parts only,Â£9.99
"Bang & Olufsen B&O Beovision Horizon 40"" 4k Tv",Pre-owned,Â£410.00
"Samsung UHD AU7100 55""",Opened â€“ never used,Â£300.00
"Samsung 32"" TV UE32T5300 Full HD 1080P",Brand new,Â£175.00
"LG OLED42C24LA 42"" 4K Smart OLED TV(2022) +Freeview &FreesatHD+ (No Stand)",Opened â€“ never used,Â£769.99
Toshiba 24WK3C64DB 24-Inch 720P Smart TV White,Brand new,Â£155.00
"Sony Bravia XR XR55A80J (2021) OLED HDR 4K Ultra HD Smart Google TV, 55",Brand new,Â£870.00
"New listingSamsung The Serif QE43LS01T 43"" 4K HDR QLED Smart TV - Read",Opened â€“ never used,Â£599.99
New listingSony Bravia KD-49XD8305B 49â€ 4K Android Tv,Pre-owned,Â£230.00
LG 37â€ TV,Pre-owned,Â£30.00
"Samsung TV 32 Inch, Black, + Remote, Ethernet & HDMI cables COLLECTION ONLY",Pre-owned,Â£31.00
Samsung 24 inch TV,Pre-owned,Â£45.00
Samsung 65 Inch qled Q9FN 4K Smart TV,Pre-owned,Â£650.00
New listingALBA LED16911HD 16â€ Freeview LED TV HDMI USB Scart,Pre-owned,Â£39.99
Blaupunkt 32 Inch LED TV With Remote,Pre-owned,Â£59.99
26 inch lcd toshiba tv ,Pre-owned,Â£15.00
Sony Bravia KD-49X8309C LCD TV,Pre-owned,Â£100.00
SONY Bravia KDL-37EX401 Television. In great nick and perfect as a second TV.,Pre-owned,Â£2.20
Sony Bravia 49â€  kd-49xd8305  Spares Or Repair,Parts only,Â£30.00
Samsung 42 Inch Smart TV,Pre-owned,Â£110.00
television,Pre-owned,Â£18.00
lg 50 inch 4k smart tv LG50LF561V + Working RemoteCharity item,Parts only,Â£0.99
New listingSony tv 26 inch ,Pre-owned,Â£150.00
"Samsung QE43QN90A 43"" Inch Smart 4K TV Neo UHD HDR QLED TV with Voice Assistants",Opened â€“ never used,Â£559.95
"Sony BRAVIA KD43X72KPU 43"" 4K LED Smart TV - Black (amazing Condition)",Pre-owned,Â£360.00
Loewe Individual 40â€ LCD Full HD 1080p TV. Black HDMI,Pre-owned,Â£40.00
SHARP ,Brand new,Â£229.99
"SAMSUNG UE65NU7470 65"" Smart 4K Ultra HD HDR LED TV",Pre-owned,Â£80.00
50 Inch Panasonic Viera Tv,Pre-owned,Â£40.00
"Samsung QE50Q80BA 50"" QLED 4K Quantum HDR 1000 TV",Brand new,Â£729.00
"Hisense 32A4BGTUK 32"" Smart HD Ready LED TV Freeview Play DTS Virtual:X",Excellent - Refurbished,Â£142.99
LG 43â€ 4K Smart TV 43UK6470PLC,Pre-owned,Â£129.99
"65"" Samsung QE65Q85TATXXU Quantum 4K UHD HDR QLED TV",Pre-owned,Â£299.99
"Samsung UE75AU7100K 75"" 4K LED LCD Smart TV",Pre-owned,Â£419.00
panasonic tv,Pre-owned,Â£35.00
"TCL 50C720K 50"" Android Smart 4K Ultra HD HDR 10+ QLED TV, Freeview Play HD",Opened â€“ never used,Â£269.99
"Philips 65OLED854/12 with Ambilight - 4K UHD 65"" HDR OLED TV - 2+yrs warranty",Pre-owned,Â£790.00
"LG Led 49inch tv black, used.",Pre-owned,Â£100.00
"Samsung UE50AU7100 50"" UHD 4K HDR Smart TV",Brand new,Â£469.00
"22"" L.C.D T.V D.V.D Player Combi",Pre-owned,Â£19.99
Sony 49 Inch TV,Pre-owned,Â£185.00
Samsung QE55Q7FAM 4K HDR Freeview Freesat HD Smart QLED TV ''Lowest price ever'',Pre-owned,Â£249.99
Samsung TV 32 inch  LCD,Pre-owned,Â£1.99
"50"" Samsung Plasma TV With With TV Mount Glass Unit",Pre-owned,Â£50.00
TCL 40RS520K ROKU 40â€ SMART FULL HD HDR10 WIFI LED TV FREEVIEW PLAY HDMI *D70*,Pre-owned,Â£139.94
"(Grade C) Philips 58PUS7805 58"" Ultra HD 4K HDR Smart Ambilight LED TV",Pre-owned,Â£369.49
"Sony Bravia KDL-42W654A 42"" 1080p HD LED Internet TV",Pre-owned,Â£80.00
hitachi tv 26 inch ,Pre-owned,Â£10.00
sony bravia 40 inch tv,Pre-owned,Â£1.20
"LG 43LM6300PLA 43"" Smart Full HD HDR LED TV",Opened â€“ never used,Â£229.00
JVC 32 inch smart tv with ariel,Pre-owned,Â£25.00
LG oled 48 HD TV,Opened â€“ never used,Â£499.00
JVC LT-50CF890 Fire TV Edition 50 inch 4K Smart LED TV,Pre-owned,Â£0.99
"Toshiba 26"" Full HD 1080p LCD TV Built-in DVD Player 2x HDMI 26DV665DB WorkingCharity item",Pre-owned,Â£31.00
"New listingSony Bravia KDL-32V2000 32"" 720p HD LCD Television",Pre-owned,Â£0.99
Sony Bravia KDL 46W5500 46  LCD TV,Pre-owned,Â£25.00
"New listingCelcus 32"". 3D Tv. Excellent working order. With 3D Glasses. ",Pre-owned,Â£35.00
samsung LT22A300EW TV/MONITOR Excellent condition come with remote,Opened â€“ never used,Â£59.00
"New listingSharp 1T-C32BC2KH2FW 32"" Inch HD Ready Smart LED TV with Freeview HD - White",Pre-owned,Â£179.95
"Sharp 32EA2K 32"" Inch HD LED TV with Harman Kardon Sound Technology - Black",Brand new,Â£149.99
